"","CS_id","name","type","value","id"
"1","B05_A_To_C03_Z20_01","secondarygrowth","param",1,1
"2","B05_A_To_C03_Z20_01","randomness","param",2,2
"3","B05_A_To_C03_Z20_01","planttype","param",2,3
"4","B05_A_To_C03_Z20_01","aerenchyma","proportion",0,4
"5","B05_A_To_C03_Z20_01","aerenchyma","n_files",10,5
"6","B05_A_To_C03_Z20_01","xylem","n_files",4,6
"7","B05_A_To_C03_Z20_01","xylem","max_size",246.134,7
"8","B05_A_To_C03_Z20_01","xylem","mean_size",168.59275,8
"9","B05_A_To_C03_Z20_01","xylem","order",1.5,9
"10","B05_A_To_C03_Z20_01","stele","cell_diameter",0.00749435256159022,10
"11","B05_A_To_C03_Z20_01","stele","SD",11.9419813678003,11
"12","B05_A_To_C03_Z20_01","stele","mean_size",44.8361,12
"13","B05_A_To_C03_Z20_01","phloem","max_size",0.013996,13
"14","B05_A_To_C03_Z20_01","stele","totarea",12204.239,14
"15","B05_A_To_C03_Z20_01","stele","order",1,15
"16","B05_A_To_C03_Z20_01","cortex","cell_diameter",0.0236728333333333,16
"17","B05_A_To_C03_Z20_01","cortex","order",4,17
"18","B05_A_To_C03_Z20_01","endodermis","cell_diameter",0.0169963076923077,18
"19","B05_A_To_C03_Z20_01","endodermis","n_layers",1,19
"20","B05_A_To_C03_Z20_01","endodermis","order",3,20
"21","B05_A_To_C03_Z20_01","exodermis","cell_diameter",0.02555,21
"22","B05_A_To_C03_Z20_01","exodermis","n_layers",1,22
"23","B05_A_To_C03_Z20_01","exodermis","order",5,23
"24","B05_A_To_C03_Z20_01","epidermis","cell_diameter",0.017413,24
"25","B05_A_To_C03_Z20_01","epidermis","n_layers",1,25
"26","B05_A_To_C03_Z20_01","epidermis","order",6,26
"27","B05_A_To_C03_Z20_01","pericycle","cell_diameter",0.0154034666666667,27
"28","B05_A_To_C03_Z20_01","pericycle","order",2,28
"29","B05_A_To_C03_Z20_01","pericycle","n_layers",1,29
"30","B05_A_To_C03_Z20_01","endodermis","barrier",1,30
"31","B05_A_To_C03_Z20_01","exodermis","barrier",0,31
"32","B05_A_To_C03_Z20_01","stele","n_layers",5,32
"33","B05_A_To_C03_Z20_01","stele","layer_diameter",0.12576,33
"34","B05_A_To_C03_Z20_01","cortex","n_layers",3,34
"35","B05_A_To_C03_Z20_01","phloem","n_files",1,35
"36","B05_A_To_C03_Z20_01","phloem","proportion",0,36
"37","B05_B_To_C01_Z20_01","secondarygrowth","param",1,37
"38","B05_B_To_C01_Z20_01","randomness","param",2,38
"39","B05_B_To_C01_Z20_01","planttype","param",2,39
"40","B05_B_To_C01_Z20_01","aerenchyma","proportion",0,40
"41","B05_B_To_C01_Z20_01","aerenchyma","n_files",10,41
"42","B05_B_To_C01_Z20_01","xylem","n_files",6,42
"43","B05_B_To_C01_Z20_01","xylem","max_size",452.173,43
"44","B05_B_To_C01_Z20_01","xylem","mean_size",262.357166666667,44
"45","B05_B_To_C01_Z20_01","xylem","order",1.5,45
"46","B05_B_To_C01_Z20_01","stele","cell_diameter",0.00906928159770313,46
"47","B05_B_To_C01_Z20_01","stele","SD",19.8652550617068,47
"48","B05_B_To_C01_Z20_01","stele","mean_size",65.9966666666667,48
"49","B05_B_To_C01_Z20_01","phloem","max_size",0.014253,49
"50","B05_B_To_C01_Z20_01","stele","totarea",16516.878,50
"51","B05_B_To_C01_Z20_01","stele","order",1,51
"52","B05_B_To_C01_Z20_01","cortex","cell_diameter",0.0250015238095238,52
"53","B05_B_To_C01_Z20_01","cortex","order",4,53
"54","B05_B_To_C01_Z20_01","endodermis","cell_diameter",0.0166885714285714,54
"55","B05_B_To_C01_Z20_01","endodermis","n_layers",1,55
"56","B05_B_To_C01_Z20_01","endodermis","order",3,56
"57","B05_B_To_C01_Z20_01","exodermis","cell_diameter",0.0311984,57
"58","B05_B_To_C01_Z20_01","exodermis","n_layers",1,58
"59","B05_B_To_C01_Z20_01","exodermis","order",5,59
"60","B05_B_To_C01_Z20_01","epidermis","cell_diameter",0.0163771666666667,60
"61","B05_B_To_C01_Z20_01","epidermis","n_layers",1,61
"62","B05_B_To_C01_Z20_01","epidermis","order",6,62
"63","B05_B_To_C01_Z20_01","pericycle","cell_diameter",0.0149964285714286,63
"64","B05_B_To_C01_Z20_01","pericycle","order",2,64
"65","B05_B_To_C01_Z20_01","pericycle","n_layers",1,65
"66","B05_B_To_C01_Z20_01","endodermis","barrier",1,66
"67","B05_B_To_C01_Z20_01","exodermis","barrier",0,67
"68","B05_B_To_C01_Z20_01","stele","n_layers",5,68
"69","B05_B_To_C01_Z20_01","stele","layer_diameter",0.1452,69
"70","B05_B_To_C01_Z20_01","cortex","n_layers",3,70
"71","B05_B_To_C01_Z20_01","phloem","n_files",1,71
"72","B05_B_To_C01_Z20_01","phloem","proportion",0,72
"73","B05_C_To_C01_Z20_01","secondarygrowth","param",1,73
"74","B05_C_To_C01_Z20_01","randomness","param",2,74
"75","B05_C_To_C01_Z20_01","planttype","param",2,75
"76","B05_C_To_C01_Z20_01","aerenchyma","proportion",0,76
"77","B05_C_To_C01_Z20_01","aerenchyma","n_files",10,77
"78","B05_C_To_C01_Z20_01","xylem","n_files",6,78
"79","B05_C_To_C01_Z20_01","xylem","max_size",383.188,79
"80","B05_C_To_C01_Z20_01","xylem","mean_size",229.288,80
"81","B05_C_To_C01_Z20_01","xylem","order",1.5,81
"82","B05_C_To_C01_Z20_01","stele","cell_diameter",0.00808694699817415,82
"83","B05_C_To_C01_Z20_01","stele","SD",19.1094982595463,83
"84","B05_C_To_C01_Z20_01","stele","mean_size",53.1122727272727,84
"85","B05_C_To_C01_Z20_01","phloem","max_size",0.00585331872736694,85
"86","B05_C_To_C01_Z20_01","stele","totarea",12756.954,86
"87","B05_C_To_C01_Z20_01","stele","order",1,87
"88","B05_C_To_C01_Z20_01","cortex","cell_diameter",0.0195481,88
"89","B05_C_To_C01_Z20_01","cortex","order",4,89
"90","B05_C_To_C01_Z20_01","endodermis","cell_diameter",0.012809,90
"91","B05_C_To_C01_Z20_01","endodermis","n_layers",1,91
"92","B05_C_To_C01_Z20_01","endodermis","order",3,92
"93","B05_C_To_C01_Z20_01","exodermis","cell_diameter",0.023663,93
"94","B05_C_To_C01_Z20_01","exodermis","n_layers",1,94
"95","B05_C_To_C01_Z20_01","exodermis","order",5,95
"96","B05_C_To_C01_Z20_01","epidermis","cell_diameter",0.0139765,96
"97","B05_C_To_C01_Z20_01","epidermis","n_layers",1,97
"98","B05_C_To_C01_Z20_01","epidermis","order",6,98
"99","B05_C_To_C01_Z20_01","pericycle","cell_diameter",0.0125043571428571,99
"100","B05_C_To_C01_Z20_01","pericycle","order",2,100
"101","B05_C_To_C01_Z20_01","pericycle","n_layers",1,101
"102","B05_C_To_C01_Z20_01","endodermis","barrier",1,102
"103","B05_C_To_C01_Z20_01","exodermis","barrier",0,103
"104","B05_C_To_C01_Z20_01","stele","n_layers",3,104
"105","B05_C_To_C01_Z20_01","stele","layer_diameter",0.13526,105
"106","B05_C_To_C01_Z20_01","cortex","n_layers",3,106
"107","B05_C_To_C01_Z20_01","phloem","n_files",1,107
"108","B05_C_To_C01_Z20_01","phloem","proportion",0,108
"109","B05_D_To_C03_Z20_01","secondarygrowth","param",1,109
"110","B05_D_To_C03_Z20_01","randomness","param",2,110
"111","B05_D_To_C03_Z20_01","planttype","param",2,111
"112","B05_D_To_C03_Z20_01","aerenchyma","proportion",0,112
"113","B05_D_To_C03_Z20_01","aerenchyma","n_files",10,113
"114","B05_D_To_C03_Z20_01","xylem","n_files",7,114
"115","B05_D_To_C03_Z20_01","xylem","max_size",2217.414,115
"116","B05_D_To_C03_Z20_01","xylem","mean_size",534.790714285714,116
"117","B05_D_To_C03_Z20_01","xylem","order",1.5,117
"118","B05_D_To_C03_Z20_01","stele","cell_diameter",0.00747008783335208,118
"119","B05_D_To_C03_Z20_01","stele","SD",5.06745868037153,119
"120","B05_D_To_C03_Z20_01","stele","mean_size",43.96325,120
"121","B05_D_To_C03_Z20_01","phloem","max_size",0.00820716953063599,121
"122","B05_D_To_C03_Z20_01","stele","totarea",15329.963,122
"123","B05_D_To_C03_Z20_01","stele","order",1,123
"124","B05_D_To_C03_Z20_01","cortex","cell_diameter",0.0211655,124
"125","B05_D_To_C03_Z20_01","cortex","order",4,125
"126","B05_D_To_C03_Z20_01","endodermis","cell_diameter",0.0129880833333333,126
"127","B05_D_To_C03_Z20_01","endodermis","n_layers",1,127
"128","B05_D_To_C03_Z20_01","endodermis","order",3,128
"129","B05_D_To_C03_Z20_01","exodermis","cell_diameter",0.0263024615384615,129
"130","B05_D_To_C03_Z20_01","exodermis","n_layers",1,130
"131","B05_D_To_C03_Z20_01","exodermis","order",5,131
"132","B05_D_To_C03_Z20_01","epidermis","cell_diameter",0.01421975,132
"133","B05_D_To_C03_Z20_01","epidermis","n_layers",1,133
"134","B05_D_To_C03_Z20_01","epidermis","order",6,134
"135","B05_D_To_C03_Z20_01","pericycle","cell_diameter",0.0117045,135
"136","B05_D_To_C03_Z20_01","pericycle","order",2,136
"137","B05_D_To_C03_Z20_01","pericycle","n_layers",1,137
"138","B05_D_To_C03_Z20_01","endodermis","barrier",1,138
"139","B05_D_To_C03_Z20_01","exodermis","barrier",1,139
"140","B05_D_To_C03_Z20_01","stele","n_layers",6,140
"141","B05_D_To_C03_Z20_01","stele","layer_diameter",0.142,141
"142","B05_D_To_C03_Z20_01","cortex","n_layers",3,142
"143","B05_D_To_C03_Z20_01","phloem","n_files",1,143
"144","B05_D_To_C03_Z20_01","phloem","proportion",0.115492957746479,144
"145","B05_E2_To_C01_Z20_01","secondarygrowth","param",1,145
"146","B05_E2_To_C01_Z20_01","randomness","param",2,146
"147","B05_E2_To_C01_Z20_01","planttype","param",2,147
"148","B05_E2_To_C01_Z20_01","aerenchyma","proportion",0,148
"149","B05_E2_To_C01_Z20_01","aerenchyma","n_files",10,149
"150","B05_E2_To_C01_Z20_01","xylem","n_files",7,150
"151","B05_E2_To_C01_Z20_01","xylem","max_size",2529.712,151
"152","B05_E2_To_C01_Z20_01","xylem","mean_size",626.316285714286,152
"153","B05_E2_To_C01_Z20_01","xylem","order",1.5,153
"154","B05_E2_To_C01_Z20_01","stele","cell_diameter",0.00962405763323411,154
"155","B05_E2_To_C01_Z20_01","stele","SD",21.9499210303385,155
"156","B05_E2_To_C01_Z20_01","stele","mean_size",74.0372857142857,156
"157","B05_E2_To_C01_Z20_01","phloem","max_size",0.0121140529357175,157
"158","B05_E2_To_C01_Z20_01","stele","totarea",18774.615,158
"159","B05_E2_To_C01_Z20_01","stele","order",1,159
"160","B05_E2_To_C01_Z20_01","cortex","cell_diameter",0.0194306666666667,160
"161","B05_E2_To_C01_Z20_01","cortex","order",4,161
"162","B05_E2_To_C01_Z20_01","endodermis","cell_diameter",0.0134849,162
"163","B05_E2_To_C01_Z20_01","endodermis","n_layers",1,163
"164","B05_E2_To_C01_Z20_01","endodermis","order",3,164
"165","B05_E2_To_C01_Z20_01","exodermis","cell_diameter",0.0270191176470588,165
"166","B05_E2_To_C01_Z20_01","exodermis","n_layers",1,166
"167","B05_E2_To_C01_Z20_01","exodermis","order",5,167
"168","B05_E2_To_C01_Z20_01","epidermis","cell_diameter",0.0139747272727273,168
"169","B05_E2_To_C01_Z20_01","epidermis","n_layers",1,169
"170","B05_E2_To_C01_Z20_01","epidermis","order",6,170
"171","B05_E2_To_C01_Z20_01","pericycle","cell_diameter",0.011681,171
"172","B05_E2_To_C01_Z20_01","pericycle","order",2,172
"173","B05_E2_To_C01_Z20_01","pericycle","n_layers",1,173
"174","B05_E2_To_C01_Z20_01","endodermis","barrier",1,174
"175","B05_E2_To_C01_Z20_01","exodermis","barrier",1,175
"176","B05_E2_To_C01_Z20_01","stele","n_layers",6,176
"177","B05_E2_To_C01_Z20_01","stele","layer_diameter",0.15592,177
"178","B05_E2_To_C01_Z20_01","cortex","n_layers",3,178
"179","B05_E2_To_C01_Z20_01","phloem","n_files",1,179
"180","B05_E2_To_C01_Z20_01","phloem","proportion",0.153925089789636,180
"181","B11_C_To_C01_Z20_01","secondarygrowth","param",1,181
"182","B11_C_To_C01_Z20_01","randomness","param",2,182
"183","B11_C_To_C01_Z20_01","planttype","param",2,183
"184","B11_C_To_C01_Z20_01","aerenchyma","proportion",0,184
"185","B11_C_To_C01_Z20_01","aerenchyma","n_files",10,185
"186","B11_C_To_C01_Z20_01","xylem","n_files",4,186
"187","B11_C_To_C01_Z20_01","xylem","max_size",329.906,187
"188","B11_C_To_C01_Z20_01","xylem","mean_size",214.0235,188
"189","B11_C_To_C01_Z20_01","xylem","order",1.5,189
"190","B11_C_To_C01_Z20_01","stele","cell_diameter",0.00701245167848517,190
"191","B11_C_To_C01_Z20_01","stele","SD",10.2776643365254,191
"192","B11_C_To_C01_Z20_01","stele","mean_size",39.21825,192
"193","B11_C_To_C01_Z20_01","phloem","max_size",0.00818938650018444,193
"194","B11_C_To_C01_Z20_01","stele","totarea",9766.532,194
"195","B11_C_To_C01_Z20_01","stele","order",1,195
"196","B11_C_To_C01_Z20_01","cortex","cell_diameter",0.019715,196
"197","B11_C_To_C01_Z20_01","cortex","order",4,197
"198","B11_C_To_C01_Z20_01","endodermis","cell_diameter",0.0139338947368421,198
"199","B11_C_To_C01_Z20_01","endodermis","n_layers",1,199
"200","B11_C_To_C01_Z20_01","endodermis","order",3,200
"201","B11_C_To_C01_Z20_01","exodermis","cell_diameter",0.024779,201
"202","B11_C_To_C01_Z20_01","exodermis","n_layers",1,202
"203","B11_C_To_C01_Z20_01","exodermis","order",5,203
"204","B11_C_To_C01_Z20_01","epidermis","cell_diameter",0.013643,204
"205","B11_C_To_C01_Z20_01","epidermis","n_layers",1,205
"206","B11_C_To_C01_Z20_01","epidermis","order",6,206
"207","B11_C_To_C01_Z20_01","pericycle","cell_diameter",0.0108835714285714,207
"208","B11_C_To_C01_Z20_01","pericycle","order",2,208
"209","B11_C_To_C01_Z20_01","pericycle","n_layers",1,209
"210","B11_C_To_C01_Z20_01","endodermis","barrier",1,210
"211","B11_C_To_C01_Z20_01","exodermis","barrier",0,211
"212","B11_C_To_C01_Z20_01","stele","n_layers",5,212
"213","B11_C_To_C01_Z20_01","stele","layer_diameter",0.1078,213
"214","B11_C_To_C01_Z20_01","cortex","n_layers",3,214
"215","B11_C_To_C01_Z20_01","phloem","n_files",1,215
"216","B11_C_To_C01_Z20_01","phloem","proportion",0,216
"217","B11_D_To_C01_Z20_01","secondarygrowth","param",1,217
"218","B11_D_To_C01_Z20_01","randomness","param",2,218
"219","B11_D_To_C01_Z20_01","planttype","param",2,219
"220","B11_D_To_C01_Z20_01","aerenchyma","proportion",0,220
"221","B11_D_To_C01_Z20_01","aerenchyma","n_files",10,221
"222","B11_D_To_C01_Z20_01","xylem","n_files",8,222
"223","B11_D_To_C01_Z20_01","xylem","max_size",995.359,223
"224","B11_D_To_C01_Z20_01","xylem","mean_size",324.770375,224
"225","B11_D_To_C01_Z20_01","xylem","order",1.5,225
"226","B11_D_To_C01_Z20_01","stele","cell_diameter",0.00826970916008121,226
"227","B11_D_To_C01_Z20_01","stele","SD",16.9870560542572,227
"228","B11_D_To_C01_Z20_01","stele","mean_size",54.8317619047619,228
"229","B11_D_To_C01_Z20_01","phloem","max_size",0.0116191897560587,229
"230","B11_D_To_C01_Z20_01","stele","totarea",14229.412,230
"231","B11_D_To_C01_Z20_01","stele","order",1,231
"232","B11_D_To_C01_Z20_01","cortex","cell_diameter",0.0182008333333333,232
"233","B11_D_To_C01_Z20_01","cortex","order",4,233
"234","B11_D_To_C01_Z20_01","endodermis","cell_diameter",0.01180425,234
"235","B11_D_To_C01_Z20_01","endodermis","n_layers",1,235
"236","B11_D_To_C01_Z20_01","endodermis","order",3,236
"237","B11_D_To_C01_Z20_01","exodermis","cell_diameter",0.0242870833333333,237
"238","B11_D_To_C01_Z20_01","exodermis","n_layers",1,238
"239","B11_D_To_C01_Z20_01","exodermis","order",5,239
"240","B11_D_To_C01_Z20_01","epidermis","cell_diameter",0.0149035,240
"241","B11_D_To_C01_Z20_01","epidermis","n_layers",1,241
"242","B11_D_To_C01_Z20_01","epidermis","order",6,242
"243","B11_D_To_C01_Z20_01","pericycle","cell_diameter",0.0107647142857143,243
"244","B11_D_To_C01_Z20_01","pericycle","order",2,244
"245","B11_D_To_C01_Z20_01","pericycle","n_layers",1,245
"246","B11_D_To_C01_Z20_01","endodermis","barrier",1,246
"247","B11_D_To_C01_Z20_01","exodermis","barrier",1,247
"248","B11_D_To_C01_Z20_01","stele","n_layers",8,248
"249","B11_D_To_C01_Z20_01","stele","layer_diameter",0.13526,249
"250","B11_D_To_C01_Z20_01","cortex","n_layers",3,250
"251","B11_D_To_C01_Z20_01","phloem","n_files",1,251
"252","B11_D_To_C01_Z20_01","phloem","proportion",0.15525654295431,252
"253","B11_E_To_C01_Z20_02","secondarygrowth","param",1,253
"254","B11_E_To_C01_Z20_02","randomness","param",2,254
"255","B11_E_To_C01_Z20_02","planttype","param",2,255
"256","B11_E_To_C01_Z20_02","aerenchyma","proportion",0,256
"257","B11_E_To_C01_Z20_02","aerenchyma","n_files",10,257
"258","B11_E_To_C01_Z20_02","xylem","n_files",8,258
"259","B11_E_To_C01_Z20_02","xylem","max_size",3271.772,259
"260","B11_E_To_C01_Z20_02","xylem","mean_size",1684.49925,260
"261","B11_E_To_C01_Z20_02","xylem","order",1.5,261
"262","B11_E_To_C01_Z20_02","stele","cell_diameter",0.0115210153865028,262
"263","B11_E_To_C01_Z20_02","stele","SD",35.8206021482252,263
"264","B11_E_To_C01_Z20_02","stele","mean_size",106.699444444444,264
"265","B11_E_To_C01_Z20_02","phloem","max_size",0.0163936145144577,265
"266","B11_E_To_C01_Z20_02","stele","totarea",52709.514,266
"267","B11_E_To_C01_Z20_02","stele","order",1,267
"268","B11_E_To_C01_Z20_02","cortex","cell_diameter",0.0234785,268
"269","B11_E_To_C01_Z20_02","cortex","order",4,269
"270","B11_E_To_C01_Z20_02","endodermis","cell_diameter",0.0194012941176471,270
"271","B11_E_To_C01_Z20_02","endodermis","n_layers",1,271
"272","B11_E_To_C01_Z20_02","endodermis","order",3,272
"273","B11_E_To_C01_Z20_02","exodermis","cell_diameter",0.02823125,273
"274","B11_E_To_C01_Z20_02","exodermis","n_layers",1,274
"275","B11_E_To_C01_Z20_02","exodermis","order",5,275
"276","B11_E_To_C01_Z20_02","epidermis","cell_diameter",0.015087,276
"277","B11_E_To_C01_Z20_02","epidermis","n_layers",1,277
"278","B11_E_To_C01_Z20_02","epidermis","order",6,278
"279","B11_E_To_C01_Z20_02","pericycle","cell_diameter",0.01546,279
"280","B11_E_To_C01_Z20_02","pericycle","order",2,280
"281","B11_E_To_C01_Z20_02","pericycle","n_layers",1,281
"282","B11_E_To_C01_Z20_02","endodermis","barrier",1,282
"283","B11_E_To_C01_Z20_02","exodermis","barrier",1,283
"284","B11_E_To_C01_Z20_02","stele","n_layers",10,284
"285","B11_E_To_C01_Z20_02","stele","layer_diameter",0.2598,285
"286","B11_E_To_C01_Z20_02","cortex","n_layers",2,286
"287","B11_E_To_C01_Z20_02","phloem","n_files",1,287
"288","B11_E_To_C01_Z20_02","phloem","proportion",0.104695919938414,288
"289","B11_F_To_C03_Z10_01","secondarygrowth","param",1,289
"290","B11_F_To_C03_Z10_01","randomness","param",2,290
"291","B11_F_To_C03_Z10_01","planttype","param",2,291
"292","B11_F_To_C03_Z10_01","aerenchyma","proportion",0,292
"293","B11_F_To_C03_Z10_01","aerenchyma","n_files",10,293
"294","B11_F_To_C03_Z10_01","xylem","n_files",14,294
"295","B11_F_To_C03_Z10_01","xylem","max_size",4068.332,295
"296","B11_F_To_C03_Z10_01","xylem","mean_size",1841.40428571429,296
"297","B11_F_To_C03_Z10_01","xylem","order",1.5,297
"298","B11_F_To_C03_Z10_01","stele","cell_diameter",0.0170842260153678,298
"299","B11_F_To_C03_Z10_01","stele","SD",74.8940173447683,299
"300","B11_F_To_C03_Z10_01","stele","mean_size",234.979961538462,300
"301","B11_F_To_C03_Z10_01","phloem","max_size",0.012491,301
"302","B11_F_To_C03_Z10_01","stele","totarea",147326.913,302
"303","B11_F_To_C03_Z10_01","stele","order",1,303
"304","B11_F_To_C03_Z10_01","cortex","cell_diameter",0.0309581666666667,304
"305","B11_F_To_C03_Z10_01","cortex","order",4,305
"306","B11_F_To_C03_Z10_01","endodermis","cell_diameter",0.0273901333333333,306
"307","B11_F_To_C03_Z10_01","endodermis","n_layers",1,307
"308","B11_F_To_C03_Z10_01","endodermis","order",3,308
"309","B11_F_To_C03_Z10_01","exodermis","cell_diameter",0.0417027142857143,309
"310","B11_F_To_C03_Z10_01","exodermis","n_layers",1,310
"311","B11_F_To_C03_Z10_01","exodermis","order",5,311
"312","B11_F_To_C03_Z10_01","epidermis","cell_diameter",0.031288,312
"313","B11_F_To_C03_Z10_01","epidermis","n_layers",1,313
"314","B11_F_To_C03_Z10_01","epidermis","order",6,314
"315","B11_F_To_C03_Z10_01","pericycle","cell_diameter",0.0184228666666667,315
"316","B11_F_To_C03_Z10_01","pericycle","order",2,316
"317","B11_F_To_C03_Z10_01","pericycle","n_layers",1,317
"318","B11_F_To_C03_Z10_01","endodermis","barrier",2,318
"319","B11_F_To_C03_Z10_01","exodermis","barrier",1,319
"320","B11_F_To_C03_Z10_01","stele","n_layers",8,320
"321","B11_F_To_C03_Z10_01","stele","layer_diameter",0.4356,321
"322","B11_F_To_C03_Z10_01","cortex","n_layers",2,322
"323","B11_F_To_C03_Z10_01","phloem","n_files",4,323
"324","B11_F_To_C03_Z10_01","phloem","proportion",0.190220385674931,324
"325","P04_A_FY_C01_Z20_04","secondarygrowth","param",1,325
"326","P04_A_FY_C01_Z20_04","randomness","param",2,326
"327","P04_A_FY_C01_Z20_04","planttype","param",2,327
"328","P04_A_FY_C01_Z20_04","aerenchyma","proportion",0,328
"329","P04_A_FY_C01_Z20_04","aerenchyma","n_files",10,329
"330","P04_A_FY_C01_Z20_04","xylem","n_files",4,330
"331","P04_A_FY_C01_Z20_04","xylem","max_size",140.942,331
"332","P04_A_FY_C01_Z20_04","xylem","mean_size",92.29075,332
"333","P04_A_FY_C01_Z20_04","xylem","order",1.5,333
"334","P04_A_FY_C01_Z20_04","stele","cell_diameter",0.00778319738531254,334
"335","P04_A_FY_C01_Z20_04","stele","SD",14.3948336552958,335
"336","P04_A_FY_C01_Z20_04","stele","mean_size",48.3618181818182,336
"337","P04_A_FY_C01_Z20_04","phloem","max_size",0.0106060802564011,337
"338","P04_A_FY_C01_Z20_04","stele","totarea",9034.762,338
"339","P04_A_FY_C01_Z20_04","stele","order",1,339
"340","P04_A_FY_C01_Z20_04","cortex","cell_diameter",0.0242814166666667,340
"341","P04_A_FY_C01_Z20_04","cortex","order",4,341
"342","P04_A_FY_C01_Z20_04","endodermis","cell_diameter",0.0159271,342
"343","P04_A_FY_C01_Z20_04","endodermis","n_layers",1,343
"344","P04_A_FY_C01_Z20_04","endodermis","order",3,344
"345","P04_A_FY_C01_Z20_04","exodermis","cell_diameter",0.0295325,345
"346","P04_A_FY_C01_Z20_04","exodermis","n_layers",1,346
"347","P04_A_FY_C01_Z20_04","exodermis","order",5,347
"348","P04_A_FY_C01_Z20_04","epidermis","cell_diameter",0.0167084285714286,348
"349","P04_A_FY_C01_Z20_04","epidermis","n_layers",1,349
"350","P04_A_FY_C01_Z20_04","epidermis","order",6,350
"351","P04_A_FY_C01_Z20_04","pericycle","cell_diameter",0.01212175,351
"352","P04_A_FY_C01_Z20_04","pericycle","order",2,352
"353","P04_A_FY_C01_Z20_04","pericycle","n_layers",1,353
"354","P04_A_FY_C01_Z20_04","endodermis","barrier",1,354
"355","P04_A_FY_C01_Z20_04","exodermis","barrier",0,355
"356","P04_A_FY_C01_Z20_04","stele","n_layers",5,356
"357","P04_A_FY_C01_Z20_04","stele","layer_diameter",0.106374,357
"358","P04_A_FY_C01_Z20_04","cortex","n_layers",3,358
"359","P04_A_FY_C01_Z20_04","phloem","n_files",1,359
"360","P04_A_FY_C01_Z20_04","phloem","proportion",0,360
"361","P04_B_BH_C01_Z20_05","secondarygrowth","param",1,361
"362","P04_B_BH_C01_Z20_05","randomness","param",2,362
"363","P04_B_BH_C01_Z20_05","planttype","param",2,363
"364","P04_B_BH_C01_Z20_05","aerenchyma","proportion",0,364
"365","P04_B_BH_C01_Z20_05","aerenchyma","n_files",10,365
"366","P04_B_BH_C01_Z20_05","xylem","n_files",5,366
"367","P04_B_BH_C01_Z20_05","xylem","max_size",235.843,367
"368","P04_B_BH_C01_Z20_05","xylem","mean_size",143.9452,368
"369","P04_B_BH_C01_Z20_05","xylem","order",1.5,369
"370","P04_B_BH_C01_Z20_05","stele","cell_diameter",0.0077083971363261,370
"371","P04_B_BH_C01_Z20_05","stele","SD",20.7532746671521,371
"372","P04_B_BH_C01_Z20_05","stele","mean_size",48.5090769230769,372
"373","P04_B_BH_C01_Z20_05","phloem","max_size",0.011102348216586,373
"374","P04_B_BH_C01_Z20_05","stele","totarea",10127.538,374
"375","P04_B_BH_C01_Z20_05","stele","order",1,375
"376","P04_B_BH_C01_Z20_05","cortex","cell_diameter",0.0228735833333333,376
"377","P04_B_BH_C01_Z20_05","cortex","order",4,377
"378","P04_B_BH_C01_Z20_05","endodermis","cell_diameter",0.0150199545454545,378
"379","P04_B_BH_C01_Z20_05","endodermis","n_layers",1,379
"380","P04_B_BH_C01_Z20_05","endodermis","order",3,380
"381","P04_B_BH_C01_Z20_05","exodermis","cell_diameter",0.028227375,381
"382","P04_B_BH_C01_Z20_05","exodermis","n_layers",1,382
"383","P04_B_BH_C01_Z20_05","exodermis","order",5,383
"384","P04_B_BH_C01_Z20_05","epidermis","cell_diameter",0.017704,384
"385","P04_B_BH_C01_Z20_05","epidermis","n_layers",1,385
"386","P04_B_BH_C01_Z20_05","epidermis","order",6,386
"387","P04_B_BH_C01_Z20_05","pericycle","cell_diameter",0.0132314545454545,387
"388","P04_B_BH_C01_Z20_05","pericycle","order",2,388
"389","P04_B_BH_C01_Z20_05","pericycle","n_layers",1,389
"390","P04_B_BH_C01_Z20_05","endodermis","barrier",1,390
"391","P04_B_BH_C01_Z20_05","exodermis","barrier",0,391
"392","P04_B_BH_C01_Z20_05","stele","n_layers",6,392
"393","P04_B_BH_C01_Z20_05","stele","layer_diameter",0.1138,393
"394","P04_B_BH_C01_Z20_05","cortex","n_layers",3,394
"395","P04_B_BH_C01_Z20_05","phloem","n_files",1,395
"396","P04_B_BH_C01_Z20_05","phloem","proportion",0,396
"397","P04_C_BH_C01_Z20_01","secondarygrowth","param",1,397
"398","P04_C_BH_C01_Z20_01","randomness","param",2,398
"399","P04_C_BH_C01_Z20_01","planttype","param",2,399
"400","P04_C_BH_C01_Z20_01","aerenchyma","proportion",0,400
"401","P04_C_BH_C01_Z20_01","aerenchyma","n_files",10,401
"402","P04_C_BH_C01_Z20_01","xylem","n_files",8,402
"403","P04_C_BH_C01_Z20_01","xylem","max_size",220.064,403
"404","P04_C_BH_C01_Z20_01","xylem","mean_size",128.012125,404
"405","P04_C_BH_C01_Z20_01","xylem","order",1.5,405
"406","P04_C_BH_C01_Z20_01","stele","cell_diameter",0.00795460147026224,406
"407","P04_C_BH_C01_Z20_01","stele","SD",12.739931744501,407
"408","P04_C_BH_C01_Z20_01","stele","mean_size",50.3923636363636,408
"409","P04_C_BH_C01_Z20_01","phloem","max_size",0.00987143198857256,409
"410","P04_C_BH_C01_Z20_01","stele","totarea",11570.649,410
"411","P04_C_BH_C01_Z20_01","stele","order",1,411
"412","P04_C_BH_C01_Z20_01","cortex","cell_diameter",0.0252135,412
"413","P04_C_BH_C01_Z20_01","cortex","order",4,413
"414","P04_C_BH_C01_Z20_01","endodermis","cell_diameter",0.018296,414
"415","P04_C_BH_C01_Z20_01","endodermis","n_layers",1,415
"416","P04_C_BH_C01_Z20_01","endodermis","order",3,416
"417","P04_C_BH_C01_Z20_01","exodermis","cell_diameter",0.0298616470588235,417
"418","P04_C_BH_C01_Z20_01","exodermis","n_layers",1,418
"419","P04_C_BH_C01_Z20_01","exodermis","order",5,419
"420","P04_C_BH_C01_Z20_01","epidermis","cell_diameter",0.0152255555555556,420
"421","P04_C_BH_C01_Z20_01","epidermis","n_layers",1,421
"422","P04_C_BH_C01_Z20_01","epidermis","order",6,422
"423","P04_C_BH_C01_Z20_01","pericycle","cell_diameter",0.0144233076923077,423
"424","P04_C_BH_C01_Z20_01","pericycle","order",2,424
"425","P04_C_BH_C01_Z20_01","pericycle","n_layers",1,425
"426","P04_C_BH_C01_Z20_01","endodermis","barrier",1,426
"427","P04_C_BH_C01_Z20_01","exodermis","barrier",0,427
"428","P04_C_BH_C01_Z20_01","stele","n_layers",5,428
"429","P04_C_BH_C01_Z20_01","stele","layer_diameter",0.1228,429
"430","P04_C_BH_C01_Z20_01","cortex","n_layers",3,430
"431","P04_C_BH_C01_Z20_01","phloem","n_files",1,431
"432","P04_C_BH_C01_Z20_01","phloem","proportion",0,432
"433","P04_D_FY_C02_Z20_01","secondarygrowth","param",1,433
"434","P04_D_FY_C02_Z20_01","randomness","param",2,434
"435","P04_D_FY_C02_Z20_01","planttype","param",2,435
"436","P04_D_FY_C02_Z20_01","aerenchyma","proportion",0,436
"437","P04_D_FY_C02_Z20_01","aerenchyma","n_files",10,437
"438","P04_D_FY_C02_Z20_01","xylem","n_files",11,438
"439","P04_D_FY_C02_Z20_01","xylem","max_size",518.718,439
"440","P04_D_FY_C02_Z20_01","xylem","mean_size",217.237,440
"441","P04_D_FY_C02_Z20_01","xylem","order",1.5,441
"442","P04_D_FY_C02_Z20_01","stele","cell_diameter",0.00838143703861594,442
"443","P04_D_FY_C02_Z20_01","stele","SD",20.4506453264404,443
"444","P04_D_FY_C02_Z20_01","stele","mean_size",56.826625,444
"445","P04_D_FY_C02_Z20_01","phloem","max_size",0.0106608623923635,445
"446","P04_D_FY_C02_Z20_01","stele","totarea",15514.734,446
"447","P04_D_FY_C02_Z20_01","stele","order",1,447
"448","P04_D_FY_C02_Z20_01","cortex","cell_diameter",0.0303832857142857,448
"449","P04_D_FY_C02_Z20_01","cortex","order",4,449
"450","P04_D_FY_C02_Z20_01","endodermis","cell_diameter",0.0200762272727273,450
"451","P04_D_FY_C02_Z20_01","endodermis","n_layers",1,451
"452","P04_D_FY_C02_Z20_01","endodermis","order",3,452
"453","P04_D_FY_C02_Z20_01","exodermis","cell_diameter",0.0378826153846154,453
"454","P04_D_FY_C02_Z20_01","exodermis","n_layers",1,454
"455","P04_D_FY_C02_Z20_01","exodermis","order",5,455
"456","P04_D_FY_C02_Z20_01","epidermis","cell_diameter",0.0260385,456
"457","P04_D_FY_C02_Z20_01","epidermis","n_layers",1,457
"458","P04_D_FY_C02_Z20_01","epidermis","order",6,458
"459","P04_D_FY_C02_Z20_01","pericycle","cell_diameter",0.0151839090909091,459
"460","P04_D_FY_C02_Z20_01","pericycle","order",2,460
"461","P04_D_FY_C02_Z20_01","pericycle","n_layers",1,461
"462","P04_D_FY_C02_Z20_01","endodermis","barrier",1,462
"463","P04_D_FY_C02_Z20_01","exodermis","barrier",1,463
"464","P04_D_FY_C02_Z20_01","stele","n_layers",4,464
"465","P04_D_FY_C02_Z20_01","stele","layer_diameter",0.1398,465
"466","P04_D_FY_C02_Z20_01","cortex","n_layers",2,466
"467","P04_D_FY_C02_Z20_01","phloem","n_files",1,467
"468","P04_D_FY_C02_Z20_01","phloem","proportion",0.150214592274678,468
"469","P04_F_FY_C01_Z10_01","secondarygrowth","param",1,469
"470","P04_F_FY_C01_Z10_01","randomness","param",2,470
"471","P04_F_FY_C01_Z10_01","planttype","param",2,471
"472","P04_F_FY_C01_Z10_01","aerenchyma","proportion",0,472
"473","P04_F_FY_C01_Z10_01","aerenchyma","n_files",10,473
"474","P04_F_FY_C01_Z10_01","xylem","n_files",9,474
"475","P04_F_FY_C01_Z10_01","xylem","max_size",1037.27,475
"476","P04_F_FY_C01_Z10_01","xylem","mean_size",466.473,476
"477","P04_F_FY_C01_Z10_01","xylem","order",1.5,477
"478","P04_F_FY_C01_Z10_01","stele","cell_diameter",0.0106737138693607,478
"479","P04_F_FY_C01_Z10_01","stele","SD",30.5670734723248,479
"480","P04_F_FY_C01_Z10_01","stele","mean_size",91.6945625,480
"481","P04_F_FY_C01_Z10_01","phloem","max_size",0.0149338826134553,481
"482","P04_F_FY_C01_Z10_01","stele","totarea",41543.61,482
"483","P04_F_FY_C01_Z10_01","stele","order",1,483
"484","P04_F_FY_C01_Z10_01","cortex","cell_diameter",0.0290878235294118,484
"485","P04_F_FY_C01_Z10_01","cortex","order",4,485
"486","P04_F_FY_C01_Z10_01","endodermis","cell_diameter",0.0276701333333333,486
"487","P04_F_FY_C01_Z10_01","endodermis","n_layers",1,487
"488","P04_F_FY_C01_Z10_01","endodermis","order",3,488
"489","P04_F_FY_C01_Z10_01","exodermis","cell_diameter",0.0303235789473684,489
"490","P04_F_FY_C01_Z10_01","exodermis","n_layers",1,490
"491","P04_F_FY_C01_Z10_01","exodermis","order",5,491
"492","P04_F_FY_C01_Z10_01","epidermis","cell_diameter",0.023787,492
"493","P04_F_FY_C01_Z10_01","epidermis","n_layers",1,493
"494","P04_F_FY_C01_Z10_01","epidermis","order",6,494
"495","P04_F_FY_C01_Z10_01","pericycle","cell_diameter",0.0177072,495
"496","P04_F_FY_C01_Z10_01","pericycle","order",2,496
"497","P04_F_FY_C01_Z10_01","pericycle","n_layers",1,497
"498","P04_F_FY_C01_Z10_01","endodermis","barrier",1,498
"499","P04_F_FY_C01_Z10_01","exodermis","barrier",1,499
"500","P04_F_FY_C01_Z10_01","stele","n_layers",5,500
"501","P04_F_FY_C01_Z10_01","stele","layer_diameter",0.2334,501
"502","P04_F_FY_C01_Z10_01","cortex","n_layers",2,502
"503","P04_F_FY_C01_Z10_01","phloem","n_files",1,503
"504","P04_F_FY_C01_Z10_01","phloem","proportion",0.12853470437018,504
"505","P11_A_To_C02_Z20_01","secondarygrowth","param",1,505
"506","P11_A_To_C02_Z20_01","randomness","param",2,506
"507","P11_A_To_C02_Z20_01","planttype","param",2,507
"508","P11_A_To_C02_Z20_01","aerenchyma","proportion",0,508
"509","P11_A_To_C02_Z20_01","aerenchyma","n_files",10,509
"510","P11_A_To_C02_Z20_01","xylem","n_files",5,510
"511","P11_A_To_C02_Z20_01","xylem","max_size",236.987,511
"512","P11_A_To_C02_Z20_01","xylem","mean_size",199.0566,512
"513","P11_A_To_C02_Z20_01","xylem","order",1.5,513
"514","P11_A_To_C02_Z20_01","stele","cell_diameter",0.00749338662644927,514
"515","P11_A_To_C02_Z20_01","stele","SD",13.5531502426558,515
"516","P11_A_To_C02_Z20_01","stele","mean_size",45.1534,516
"517","P11_A_To_C02_Z20_01","phloem","max_size",0.00757,517
"518","P11_A_To_C02_Z20_01","stele","totarea",17187.971,518
"519","P11_A_To_C02_Z20_01","stele","order",1,519
"520","P11_A_To_C02_Z20_01","cortex","cell_diameter",0.02255095,520
"521","P11_A_To_C02_Z20_01","cortex","order",4,521
"522","P11_A_To_C02_Z20_01","endodermis","cell_diameter",0.0148587058823529,522
"523","P11_A_To_C02_Z20_01","endodermis","n_layers",1,523
"524","P11_A_To_C02_Z20_01","endodermis","order",3,524
"525","P11_A_To_C02_Z20_01","exodermis","cell_diameter",0.0217805,525
"526","P11_A_To_C02_Z20_01","exodermis","n_layers",1,526
"527","P11_A_To_C02_Z20_01","exodermis","order",5,527
"528","P11_A_To_C02_Z20_01","epidermis","cell_diameter",0.0147818461132593,528
"529","P11_A_To_C02_Z20_01","epidermis","n_layers",1,529
"530","P11_A_To_C02_Z20_01","epidermis","order",6,530
"531","P11_A_To_C02_Z20_01","pericycle","cell_diameter",0.016602,531
"532","P11_A_To_C02_Z20_01","pericycle","order",2,532
"533","P11_A_To_C02_Z20_01","pericycle","n_layers",1,533
"534","P11_A_To_C02_Z20_01","endodermis","barrier",1,534
"535","P11_A_To_C02_Z20_01","exodermis","barrier",0,535
"536","P11_A_To_C02_Z20_01","stele","n_layers",6,536
"537","P11_A_To_C02_Z20_01","stele","layer_diameter",0.1486,537
"538","P11_A_To_C02_Z20_01","cortex","n_layers",4,538
"539","P11_A_To_C02_Z20_01","phloem","n_files",1,539
"540","P11_A_To_C02_Z20_01","phloem","proportion",0,540
"541","P11_B_To_C01_Z20_01","secondarygrowth","param",1,541
"542","P11_B_To_C01_Z20_01","randomness","param",2,542
"543","P11_B_To_C01_Z20_01","planttype","param",2,543
"544","P11_B_To_C01_Z20_01","aerenchyma","proportion",0,544
"545","P11_B_To_C01_Z20_01","aerenchyma","n_files",10,545
"546","P11_B_To_C01_Z20_01","xylem","n_files",5,546
"547","P11_B_To_C01_Z20_01","xylem","max_size",313.518,547
"548","P11_B_To_C01_Z20_01","xylem","mean_size",241.2708,548
"549","P11_B_To_C01_Z20_01","xylem","order",1.5,549
"550","P11_B_To_C01_Z20_01","stele","cell_diameter",0.00744819092405978,550
"551","P11_B_To_C01_Z20_01","stele","SD",8.72446233608961,551
"552","P11_B_To_C01_Z20_01","stele","mean_size",43.9414230769231,552
"553","P11_B_To_C01_Z20_01","phloem","max_size",0.00630822709723561,553
"554","P11_B_To_C01_Z20_01","stele","totarea",15722.603,554
"555","P11_B_To_C01_Z20_01","stele","order",1,555
"556","P11_B_To_C01_Z20_01","cortex","cell_diameter",0.0231240416666667,556
"557","P11_B_To_C01_Z20_01","cortex","order",4,557
"558","P11_B_To_C01_Z20_01","endodermis","cell_diameter",0.0154721333333333,558
"559","P11_B_To_C01_Z20_01","endodermis","n_layers",1,559
"560","P11_B_To_C01_Z20_01","endodermis","order",3,560
"561","P11_B_To_C01_Z20_01","exodermis","cell_diameter",0.029173625,561
"562","P11_B_To_C01_Z20_01","exodermis","n_layers",1,562
"563","P11_B_To_C01_Z20_01","exodermis","order",5,563
"564","P11_B_To_C01_Z20_01","epidermis","cell_diameter",0.0159191111111111,564
"565","P11_B_To_C01_Z20_01","epidermis","n_layers",1,565
"566","P11_B_To_C01_Z20_01","epidermis","order",6,566
"567","P11_B_To_C01_Z20_01","pericycle","cell_diameter",0.0154466875,567
"568","P11_B_To_C01_Z20_01","pericycle","order",2,568
"569","P11_B_To_C01_Z20_01","pericycle","n_layers",1,569
"570","P11_B_To_C01_Z20_01","endodermis","barrier",1,570
"571","P11_B_To_C01_Z20_01","exodermis","barrier",0,571
"572","P11_B_To_C01_Z20_01","stele","n_layers",8,572
"573","P11_B_To_C01_Z20_01","stele","layer_diameter",0.14502,573
"574","P11_B_To_C01_Z20_01","cortex","n_layers",4,574
"575","P11_B_To_C01_Z20_01","phloem","n_files",1,575
"576","P11_B_To_C01_Z20_01","phloem","proportion",0,576
"577","P11_C_To_C01_Z20_01","secondarygrowth","param",1,577
"578","P11_C_To_C01_Z20_01","randomness","param",2,578
"579","P11_C_To_C01_Z20_01","planttype","param",2,579
"580","P11_C_To_C01_Z20_01","aerenchyma","proportion",0,580
"581","P11_C_To_C01_Z20_01","aerenchyma","n_files",10,581
"582","P11_C_To_C01_Z20_01","xylem","n_files",7,582
"583","P11_C_To_C01_Z20_01","xylem","max_size",499.357,583
"584","P11_C_To_C01_Z20_01","xylem","mean_size",223.364285714286,584
"585","P11_C_To_C01_Z20_01","xylem","order",1.5,585
"586","P11_C_To_C01_Z20_01","stele","cell_diameter",0.00726320077621543,586
"587","P11_C_To_C01_Z20_01","stele","SD",13.671975311686,587
"588","P11_C_To_C01_Z20_01","stele","mean_size",42.5744705882353,588
"589","P11_C_To_C01_Z20_01","phloem","max_size",0.00736229624616086,589
"590","P11_C_To_C01_Z20_01","stele","totarea",16839.695,590
"591","P11_C_To_C01_Z20_01","stele","order",1,591
"592","P11_C_To_C01_Z20_01","cortex","cell_diameter",0.0226535555555556,592
"593","P11_C_To_C01_Z20_01","cortex","order",4,593
"594","P11_C_To_C01_Z20_01","endodermis","cell_diameter",0.0150572,594
"595","P11_C_To_C01_Z20_01","endodermis","n_layers",1,595
"596","P11_C_To_C01_Z20_01","endodermis","order",3,596
"597","P11_C_To_C01_Z20_01","exodermis","cell_diameter",0.0276952727272727,597
"598","P11_C_To_C01_Z20_01","exodermis","n_layers",1,598
"599","P11_C_To_C01_Z20_01","exodermis","order",5,599
"600","P11_C_To_C01_Z20_01","epidermis","cell_diameter",0.014696,600
"601","P11_C_To_C01_Z20_01","epidermis","n_layers",1,601
"602","P11_C_To_C01_Z20_01","epidermis","order",6,602
"603","P11_C_To_C01_Z20_01","pericycle","cell_diameter",0.015342375,603
"604","P11_C_To_C01_Z20_01","pericycle","order",2,604
"605","P11_C_To_C01_Z20_01","pericycle","n_layers",1,605
"606","P11_C_To_C01_Z20_01","endodermis","barrier",1,606
"607","P11_C_To_C01_Z20_01","exodermis","barrier",0,607
"608","P11_C_To_C01_Z20_01","stele","n_layers",7,608
"609","P11_C_To_C01_Z20_01","stele","layer_diameter",0.1494,609
"610","P11_C_To_C01_Z20_01","cortex","n_layers",4,610
"611","P11_C_To_C01_Z20_01","phloem","n_files",1,611
"612","P11_C_To_C01_Z20_01","phloem","proportion",0,612
"613","P11_D_To_C01_Z20_01","secondarygrowth","param",1,613
"614","P11_D_To_C01_Z20_01","randomness","param",2,614
"615","P11_D_To_C01_Z20_01","planttype","param",2,615
"616","P11_D_To_C01_Z20_01","aerenchyma","proportion",0,616
"617","P11_D_To_C01_Z20_01","aerenchyma","n_files",10,617
"618","P11_D_To_C01_Z20_01","xylem","n_files",8,618
"619","P11_D_To_C01_Z20_01","xylem","max_size",1805.946,619
"620","P11_D_To_C01_Z20_01","xylem","mean_size",435.555375,620
"621","P11_D_To_C01_Z20_01","xylem","order",1.5,621
"622","P11_D_To_C01_Z20_01","stele","cell_diameter",0.00775656383027497,622
"623","P11_D_To_C01_Z20_01","stele","SD",15.3809729124439,623
"624","P11_D_To_C01_Z20_01","stele","mean_size",48.4415,624
"625","P11_D_To_C01_Z20_01","phloem","max_size",0.00785,625
"626","P11_D_To_C01_Z20_01","stele","totarea",15725.728,626
"627","P11_D_To_C01_Z20_01","stele","order",1,627
"628","P11_D_To_C01_Z20_01","cortex","cell_diameter",0.01912575,628
"629","P11_D_To_C01_Z20_01","cortex","order",4,629
"630","P11_D_To_C01_Z20_01","endodermis","cell_diameter",0.0122286666666667,630
"631","P11_D_To_C01_Z20_01","endodermis","n_layers",1,631
"632","P11_D_To_C01_Z20_01","endodermis","order",3,632
"633","P11_D_To_C01_Z20_01","exodermis","cell_diameter",0.0235057777777778,633
"634","P11_D_To_C01_Z20_01","exodermis","n_layers",1,634
"635","P11_D_To_C01_Z20_01","exodermis","order",5,635
"636","P11_D_To_C01_Z20_01","epidermis","cell_diameter",0.0156160769230769,636
"637","P11_D_To_C01_Z20_01","epidermis","n_layers",1,637
"638","P11_D_To_C01_Z20_01","epidermis","order",6,638
"639","P11_D_To_C01_Z20_01","pericycle","cell_diameter",0.0101310833333333,639
"640","P11_D_To_C01_Z20_01","pericycle","order",2,640
"641","P11_D_To_C01_Z20_01","pericycle","n_layers",1,641
"642","P11_D_To_C01_Z20_01","endodermis","barrier",1,642
"643","P11_D_To_C01_Z20_01","exodermis","barrier",0,643
"644","P11_D_To_C01_Z20_01","stele","n_layers",8,644
"645","P11_D_To_C01_Z20_01","stele","layer_diameter",0.14074,645
"646","P11_D_To_C01_Z20_01","cortex","n_layers",3,646
"647","P11_D_To_C01_Z20_01","phloem","n_files",1,647
"648","P11_D_To_C01_Z20_01","phloem","proportion",0.112263748756572,648
"649","P11_E2_To_C01_Z20_03","secondarygrowth","param",1,649
"650","P11_E2_To_C01_Z20_03","randomness","param",2,650
"651","P11_E2_To_C01_Z20_03","planttype","param",2,651
"652","P11_E2_To_C01_Z20_03","aerenchyma","proportion",0,652
"653","P11_E2_To_C01_Z20_03","aerenchyma","n_files",10,653
"654","P11_E2_To_C01_Z20_03","xylem","n_files",10,654
"655","P11_E2_To_C01_Z20_03","xylem","max_size",2220.082,655
"656","P11_E2_To_C01_Z20_03","xylem","mean_size",903.1409,656
"657","P11_E2_To_C01_Z20_03","xylem","order",1.5,657
"658","P11_E2_To_C01_Z20_03","stele","cell_diameter",0.0100729706734371,658
"659","P11_E2_To_C01_Z20_03","stele","SD",22.3037044483119,659
"660","P11_E2_To_C01_Z20_03","stele","mean_size",81.0013529411765,660
"661","P11_E2_To_C01_Z20_03","phloem","max_size",0.008643,661
"662","P11_E2_To_C01_Z20_03","stele","totarea",29935.244,662
"663","P11_E2_To_C01_Z20_03","stele","order",1,663
"664","P11_E2_To_C01_Z20_03","cortex","cell_diameter",0.019312375,664
"665","P11_E2_To_C01_Z20_03","cortex","order",4,665
"666","P11_E2_To_C01_Z20_03","endodermis","cell_diameter",0.0157731818181818,666
"667","P11_E2_To_C01_Z20_03","endodermis","n_layers",1,667
"668","P11_E2_To_C01_Z20_03","endodermis","order",3,668
"669","P11_E2_To_C01_Z20_03","exodermis","cell_diameter",0.024319,669
"670","P11_E2_To_C01_Z20_03","exodermis","n_layers",1,670
"671","P11_E2_To_C01_Z20_03","exodermis","order",5,671
"672","P11_E2_To_C01_Z20_03","epidermis","cell_diameter",0.0129455,672
"673","P11_E2_To_C01_Z20_03","epidermis","n_layers",1,673
"674","P11_E2_To_C01_Z20_03","epidermis","order",6,674
"675","P11_E2_To_C01_Z20_03","pericycle","cell_diameter",0.0118394166666667,675
"676","P11_E2_To_C01_Z20_03","pericycle","order",2,676
"677","P11_E2_To_C01_Z20_03","pericycle","n_layers",1,677
"678","P11_E2_To_C01_Z20_03","endodermis","barrier",1,678
"679","P11_E2_To_C01_Z20_03","exodermis","barrier",1,679
"680","P11_E2_To_C01_Z20_03","stele","n_layers",7,680
"681","P11_E2_To_C01_Z20_03","stele","layer_diameter",0.19354,681
"682","P11_E2_To_C01_Z20_03","cortex","n_layers",2,682
"683","P11_E2_To_C01_Z20_03","phloem","n_files",3,683
"684","P11_E2_To_C01_Z20_03","phloem","proportion",0.169474010540457,684
"685","P11_F_To_C01_Z20_01","secondarygrowth","param",1,685
"686","P11_F_To_C01_Z20_01","randomness","param",2,686
"687","P11_F_To_C01_Z20_01","planttype","param",2,687
"688","P11_F_To_C01_Z20_01","aerenchyma","proportion",0,688
"689","P11_F_To_C01_Z20_01","aerenchyma","n_files",10,689
"690","P11_F_To_C01_Z20_01","xylem","n_files",17,690
"691","P11_F_To_C01_Z20_01","xylem","max_size",3067.029,691
"692","P11_F_To_C01_Z20_01","xylem","mean_size",1161.49588235294,692
"693","P11_F_To_C01_Z20_01","xylem","order",1.5,693
"694","P11_F_To_C01_Z20_01","stele","cell_diameter",0.0120332504361276,694
"695","P11_F_To_C01_Z20_01","stele","SD",45.8505956105933,695
"696","P11_F_To_C01_Z20_01","stele","mean_size",117.760384615385,696
"697","P11_F_To_C01_Z20_01","phloem","max_size",0.010143,697
"698","P11_F_To_C01_Z20_01","stele","totarea",65020.012,698
"699","P11_F_To_C01_Z20_01","stele","order",1,699
"700","P11_F_To_C01_Z20_01","cortex","cell_diameter",0.0182119,700
"701","P11_F_To_C01_Z20_01","cortex","order",4,701
"702","P11_F_To_C01_Z20_01","endodermis","cell_diameter",0.0183638333333333,702
"703","P11_F_To_C01_Z20_01","endodermis","n_layers",1,703
"704","P11_F_To_C01_Z20_01","endodermis","order",3,704
"705","P11_F_To_C01_Z20_01","exodermis","cell_diameter",0.029989,705
"706","P11_F_To_C01_Z20_01","exodermis","n_layers",1,706
"707","P11_F_To_C01_Z20_01","exodermis","order",5,707
"708","P11_F_To_C01_Z20_01","epidermis","cell_diameter",0.020522,708
"709","P11_F_To_C01_Z20_01","epidermis","n_layers",1,709
"710","P11_F_To_C01_Z20_01","epidermis","order",6,710
"711","P11_F_To_C01_Z20_01","pericycle","cell_diameter",0.011926,711
"712","P11_F_To_C01_Z20_01","pericycle","order",2,712
"713","P11_F_To_C01_Z20_01","pericycle","n_layers",1,713
"714","P11_F_To_C01_Z20_01","endodermis","barrier",2,714
"715","P11_F_To_C01_Z20_01","exodermis","barrier",1,715
"716","P11_F_To_C01_Z20_01","stele","n_layers",10,716
"717","P11_F_To_C01_Z20_01","stele","layer_diameter",0.2816,717
"718","P11_F_To_C01_Z20_01","cortex","n_layers",3,718
"719","P11_F_To_C01_Z20_01","phloem","n_files",4,719
"720","P11_F_To_C01_Z20_01","phloem","proportion",0.203125,720
"721","P11_F2_To_C02_Z10_01","secondarygrowth","param",1,721
"722","P11_F2_To_C02_Z10_01","randomness","param",2,722
"723","P11_F2_To_C02_Z10_01","planttype","param",2,723
"724","P11_F2_To_C02_Z10_01","aerenchyma","proportion",0,724
"725","P11_F2_To_C02_Z10_01","aerenchyma","n_files",10,725
"726","P11_F2_To_C02_Z10_01","xylem","n_files",26,726
"727","P11_F2_To_C02_Z10_01","xylem","max_size",3992.138,727
"728","P11_F2_To_C02_Z10_01","xylem","mean_size",1833.65180769231,728
"729","P11_F2_To_C02_Z10_01","xylem","order",1.5,729
"730","P11_F2_To_C02_Z10_01","stele","cell_diameter",0.0214285929887247,730
"731","P11_F2_To_C02_Z10_01","stele","SD",282.885184660173,731
"732","P11_F2_To_C02_Z10_01","stele","mean_size",395.8935875,732
"733","P11_F2_To_C02_Z10_01","phloem","max_size",0.021539,733
"734","P11_F2_To_C02_Z10_01","stele","totarea",531009.266,734
"735","P11_F2_To_C02_Z10_01","stele","order",1,735
"736","P11_F2_To_C02_Z10_01","cortex","cell_diameter",0.0399913333333333,736
"737","P11_F2_To_C02_Z10_01","cortex","order",4,737
"738","P11_F2_To_C02_Z10_01","endodermis","cell_diameter",0.0255603571428571,738
"739","P11_F2_To_C02_Z10_01","endodermis","n_layers",1,739
"740","P11_F2_To_C02_Z10_01","endodermis","order",3,740
"741","P11_F2_To_C02_Z10_01","exodermis","cell_diameter",0.0410771666666667,741
"742","P11_F2_To_C02_Z10_01","exodermis","n_layers",1,742
"743","P11_F2_To_C02_Z10_01","exodermis","order",5,743
"744","P11_F2_To_C02_Z10_01","epidermis","cell_diameter",0.020522,744
"745","P11_F2_To_C02_Z10_01","epidermis","n_layers",1,745
"746","P11_F2_To_C02_Z10_01","epidermis","order",6,746
"747","P11_F2_To_C02_Z10_01","pericycle","cell_diameter",0.0192826842105263,747
"748","P11_F2_To_C02_Z10_01","pericycle","order",2,748
"749","P11_F2_To_C02_Z10_01","pericycle","n_layers",1,749
"750","P11_F2_To_C02_Z10_01","endodermis","barrier",2,750
"751","P11_F2_To_C02_Z10_01","exodermis","barrier",1,751
"752","P11_F2_To_C02_Z10_01","stele","n_layers",13,752
"753","P11_F2_To_C02_Z10_01","stele","layer_diameter",0.7974,753
"754","P11_F2_To_C02_Z10_01","cortex","n_layers",3,754
"755","P11_F2_To_C02_Z10_01","phloem","n_files",5,755
"756","P11_F2_To_C02_Z10_01","phloem","proportion",0.181339352896915,756
"757","P12_B_To_C01_Z20_01","secondarygrowth","param",1,757
"758","P12_B_To_C01_Z20_01","randomness","param",2,758
"759","P12_B_To_C01_Z20_01","planttype","param",2,759
"760","P12_B_To_C01_Z20_01","aerenchyma","proportion",0,760
"761","P12_B_To_C01_Z20_01","aerenchyma","n_files",10,761
"762","P12_B_To_C01_Z20_01","xylem","n_files",3,762
"763","P12_B_To_C01_Z20_01","xylem","max_size",284.399,763
"764","P12_B_To_C01_Z20_01","xylem","mean_size",203.548666666667,764
"765","P12_B_To_C01_Z20_01","xylem","order",1.5,765
"766","P12_B_To_C01_Z20_01","stele","cell_diameter",0.00726476777751085,766
"767","P12_B_To_C01_Z20_01","stele","SD",9.52857002320873,767
"768","P12_B_To_C01_Z20_01","stele","mean_size",41.9795172413793,768
"769","P12_B_To_C01_Z20_01","phloem","max_size",0.006088,769
"770","P12_B_To_C01_Z20_01","stele","totarea",13206.078,770
"771","P12_B_To_C01_Z20_01","stele","order",1,771
"772","P12_B_To_C01_Z20_01","cortex","cell_diameter",0.0182465625,772
"773","P12_B_To_C01_Z20_01","cortex","order",4,773
"774","P12_B_To_C01_Z20_01","endodermis","cell_diameter",0.0166604285714286,774
"775","P12_B_To_C01_Z20_01","endodermis","n_layers",1,775
"776","P12_B_To_C01_Z20_01","endodermis","order",3,776
"777","P12_B_To_C01_Z20_01","exodermis","cell_diameter",0.023147,777
"778","P12_B_To_C01_Z20_01","exodermis","n_layers",1,778
"779","P12_B_To_C01_Z20_01","exodermis","order",5,779
"780","P12_B_To_C01_Z20_01","epidermis","cell_diameter",0.014674,780
"781","P12_B_To_C01_Z20_01","epidermis","n_layers",1,781
"782","P12_B_To_C01_Z20_01","epidermis","order",6,782
"783","P12_B_To_C01_Z20_01","pericycle","cell_diameter",0.0144023888888889,783
"784","P12_B_To_C01_Z20_01","pericycle","order",2,784
"785","P12_B_To_C01_Z20_01","pericycle","n_layers",1,785
"786","P12_B_To_C01_Z20_01","endodermis","barrier",1,786
"787","P12_B_To_C01_Z20_01","exodermis","barrier",0,787
"788","P12_B_To_C01_Z20_01","stele","n_layers",7,788
"789","P12_B_To_C01_Z20_01","stele","layer_diameter",0.1296,789
"790","P12_B_To_C01_Z20_01","cortex","n_layers",4,790
"791","P12_B_To_C01_Z20_01","phloem","n_files",1,791
"792","P12_B_To_C01_Z20_01","phloem","proportion",0,792
"793","P12_C_To_C01_Z20_07","secondarygrowth","param",1,793
"794","P12_C_To_C01_Z20_07","randomness","param",2,794
"795","P12_C_To_C01_Z20_07","planttype","param",2,795
"796","P12_C_To_C01_Z20_07","aerenchyma","proportion",0,796
"797","P12_C_To_C01_Z20_07","aerenchyma","n_files",10,797
"798","P12_C_To_C01_Z20_07","xylem","n_files",3,798
"799","P12_C_To_C01_Z20_07","xylem","max_size",496.384,799
"800","P12_C_To_C01_Z20_07","xylem","mean_size",332.269,800
"801","P12_C_To_C01_Z20_07","xylem","order",1.5,801
"802","P12_C_To_C01_Z20_07","stele","cell_diameter",0.00791391822566565,802
"803","P12_C_To_C01_Z20_07","stele","SD",14.0231739889128,803
"804","P12_C_To_C01_Z20_07","stele","mean_size",50.1202173913044,804
"805","P12_C_To_C01_Z20_07","phloem","max_size",0.007757,805
"806","P12_C_To_C01_Z20_07","stele","totarea",12202.105,806
"807","P12_C_To_C01_Z20_07","stele","order",1,807
"808","P12_C_To_C01_Z20_07","cortex","cell_diameter",0.0195589473684211,808
"809","P12_C_To_C01_Z20_07","cortex","order",4,809
"810","P12_C_To_C01_Z20_07","endodermis","cell_diameter",0.0159677857142857,810
"811","P12_C_To_C01_Z20_07","endodermis","n_layers",1,811
"812","P12_C_To_C01_Z20_07","endodermis","order",3,812
"813","P12_C_To_C01_Z20_07","exodermis","cell_diameter",0.0195904,813
"814","P12_C_To_C01_Z20_07","exodermis","n_layers",1,814
"815","P12_C_To_C01_Z20_07","exodermis","order",5,815
"816","P12_C_To_C01_Z20_07","epidermis","cell_diameter",0.014842,816
"817","P12_C_To_C01_Z20_07","epidermis","n_layers",1,817
"818","P12_C_To_C01_Z20_07","epidermis","order",6,818
"819","P12_C_To_C01_Z20_07","pericycle","cell_diameter",0.0133836,819
"820","P12_C_To_C01_Z20_07","pericycle","order",2,820
"821","P12_C_To_C01_Z20_07","pericycle","n_layers",1,821
"822","P12_C_To_C01_Z20_07","endodermis","barrier",1,822
"823","P12_C_To_C01_Z20_07","exodermis","barrier",0,823
"824","P12_C_To_C01_Z20_07","stele","n_layers",7,824
"825","P12_C_To_C01_Z20_07","stele","layer_diameter",0.1284,825
"826","P12_C_To_C01_Z20_07","cortex","n_layers",4,826
"827","P12_C_To_C01_Z20_07","phloem","n_files",1,827
"828","P12_C_To_C01_Z20_07","phloem","proportion",0,828
"829","P12_D_To_C01_Z20_03","secondarygrowth","param",1,829
"830","P12_D_To_C01_Z20_03","randomness","param",2,830
"831","P12_D_To_C01_Z20_03","planttype","param",2,831
"832","P12_D_To_C01_Z20_03","aerenchyma","proportion",0,832
"833","P12_D_To_C01_Z20_03","aerenchyma","n_files",10,833
"834","P12_D_To_C01_Z20_03","xylem","n_files",5,834
"835","P12_D_To_C01_Z20_03","xylem","max_size",356.814,835
"836","P12_D_To_C01_Z20_03","xylem","mean_size",234.4864,836
"837","P12_D_To_C01_Z20_03","xylem","order",1.5,837
"838","P12_D_To_C01_Z20_03","stele","cell_diameter",0.00798953240107151,838
"839","P12_D_To_C01_Z20_03","stele","SD",18.3284356742387,839
"840","P12_D_To_C01_Z20_03","stele","mean_size",51.6811666666667,840
"841","P12_D_To_C01_Z20_03","phloem","max_size",0.00812,841
"842","P12_D_To_C01_Z20_03","stele","totarea",10294.168,842
"843","P12_D_To_C01_Z20_03","stele","order",1,843
"844","P12_D_To_C01_Z20_03","cortex","cell_diameter",0.0176693333333333,844
"845","P12_D_To_C01_Z20_03","cortex","order",4,845
"846","P12_D_To_C01_Z20_03","endodermis","cell_diameter",0.0141136666666667,846
"847","P12_D_To_C01_Z20_03","endodermis","n_layers",1,847
"848","P12_D_To_C01_Z20_03","endodermis","order",3,848
"849","P12_D_To_C01_Z20_03","exodermis","cell_diameter",0.0231422857142857,849
"850","P12_D_To_C01_Z20_03","exodermis","n_layers",1,850
"851","P12_D_To_C01_Z20_03","exodermis","order",5,851
"852","P12_D_To_C01_Z20_03","epidermis","cell_diameter",0.0135903333333333,852
"853","P12_D_To_C01_Z20_03","epidermis","n_layers",1,853
"854","P12_D_To_C01_Z20_03","epidermis","order",6,854
"855","P12_D_To_C01_Z20_03","pericycle","cell_diameter",0.0116284444444444,855
"856","P12_D_To_C01_Z20_03","pericycle","order",2,856
"857","P12_D_To_C01_Z20_03","pericycle","n_layers",1,857
"858","P12_D_To_C01_Z20_03","endodermis","barrier",1,858
"859","P12_D_To_C01_Z20_03","exodermis","barrier",0,859
"860","P12_D_To_C01_Z20_03","stele","n_layers",6,860
"861","P12_D_To_C01_Z20_03","stele","layer_diameter",0.0947,861
"862","P12_D_To_C01_Z20_03","cortex","n_layers",4,862
"863","P12_D_To_C01_Z20_03","phloem","n_files",1,863
"864","P12_D_To_C01_Z20_03","phloem","proportion",0,864
"865","P12_D2_To_C03_Z20_06","secondarygrowth","param",1,865
"866","P12_D2_To_C03_Z20_06","randomness","param",2,866
"867","P12_D2_To_C03_Z20_06","planttype","param",2,867
"868","P12_D2_To_C03_Z20_06","aerenchyma","proportion",0,868
"869","P12_D2_To_C03_Z20_06","aerenchyma","n_files",10,869
"870","P12_D2_To_C03_Z20_06","xylem","n_files",6,870
"871","P12_D2_To_C03_Z20_06","xylem","max_size",4222.31,871
"872","P12_D2_To_C03_Z20_06","xylem","mean_size",1460.54066666667,872
"873","P12_D2_To_C03_Z20_06","xylem","order",1.5,873
"874","P12_D2_To_C03_Z20_06","stele","cell_diameter",0.0112756337983257,874
"875","P12_D2_To_C03_Z20_06","stele","SD",29.3994418048,875
"876","P12_D2_To_C03_Z20_06","stele","mean_size",101.828941176471,876
"877","P12_D2_To_C03_Z20_06","phloem","max_size",0.009704,877
"878","P12_D2_To_C03_Z20_06","stele","totarea",34145.054,878
"879","P12_D2_To_C03_Z20_06","stele","order",1,879
"880","P12_D2_To_C03_Z20_06","cortex","cell_diameter",0.020397375,880
"881","P12_D2_To_C03_Z20_06","cortex","order",4,881
"882","P12_D2_To_C03_Z20_06","endodermis","cell_diameter",0.01754275,882
"883","P12_D2_To_C03_Z20_06","endodermis","n_layers",1,883
"884","P12_D2_To_C03_Z20_06","endodermis","order",3,884
"885","P12_D2_To_C03_Z20_06","exodermis","cell_diameter",0.0257274,885
"886","P12_D2_To_C03_Z20_06","exodermis","n_layers",1,886
"887","P12_D2_To_C03_Z20_06","exodermis","order",5,887
"888","P12_D2_To_C03_Z20_06","epidermis","cell_diameter",0.0168635,888
"889","P12_D2_To_C03_Z20_06","epidermis","n_layers",1,889
"890","P12_D2_To_C03_Z20_06","epidermis","order",6,890
"891","P12_D2_To_C03_Z20_06","pericycle","cell_diameter",0.0125332307692308,891
"892","P12_D2_To_C03_Z20_06","pericycle","order",2,892
"893","P12_D2_To_C03_Z20_06","pericycle","n_layers",1,893
"894","P12_D2_To_C03_Z20_06","endodermis","barrier",1,894
"895","P12_D2_To_C03_Z20_06","exodermis","barrier",1,895
"896","P12_D2_To_C03_Z20_06","stele","n_layers",6,896
"897","P12_D2_To_C03_Z20_06","stele","layer_diameter",0.2092,897
"898","P12_D2_To_C03_Z20_06","cortex","n_layers",2,898
"899","P12_D2_To_C03_Z20_06","phloem","n_files",3,899
"900","P12_D2_To_C03_Z20_06","phloem","proportion",0.189292543021033,900
"901","P12_E_To_C01_Z20_02","secondarygrowth","param",1,901
"902","P12_E_To_C01_Z20_02","randomness","param",2,902
"903","P12_E_To_C01_Z20_02","planttype","param",2,903
"904","P12_E_To_C01_Z20_02","aerenchyma","proportion",0,904
"905","P12_E_To_C01_Z20_02","aerenchyma","n_files",10,905
"906","P12_E_To_C01_Z20_02","xylem","n_files",9,906
"907","P12_E_To_C01_Z20_02","xylem","max_size",3743.687,907
"908","P12_E_To_C01_Z20_02","xylem","mean_size",1957.41577777778,908
"909","P12_E_To_C01_Z20_02","xylem","order",1.5,909
"910","P12_E_To_C01_Z20_02","stele","cell_diameter",0.0125625403560368,910
"911","P12_E_To_C01_Z20_02","stele","SD",37.2444699672274,911
"912","P12_E_To_C01_Z20_02","stele","mean_size",126.297529411765,912
"913","P12_E_To_C01_Z20_02","phloem","max_size",0.008874,913
"914","P12_E_To_C01_Z20_02","stele","totarea",57090.374,914
"915","P12_E_To_C01_Z20_02","stele","order",1,915
"916","P12_E_To_C01_Z20_02","cortex","cell_diameter",0.0278423333333333,916
"917","P12_E_To_C01_Z20_02","cortex","order",4,917
"918","P12_E_To_C01_Z20_02","endodermis","cell_diameter",0.0213687272727273,918
"919","P12_E_To_C01_Z20_02","endodermis","n_layers",1,919
"920","P12_E_To_C01_Z20_02","endodermis","order",3,920
"921","P12_E_To_C01_Z20_02","exodermis","cell_diameter",0.03150125,921
"922","P12_E_To_C01_Z20_02","exodermis","n_layers",1,922
"923","P12_E_To_C01_Z20_02","exodermis","order",5,923
"924","P12_E_To_C01_Z20_02","epidermis","cell_diameter",0.024821,924
"925","P12_E_To_C01_Z20_02","epidermis","n_layers",1,925
"926","P12_E_To_C01_Z20_02","epidermis","order",6,926
"927","P12_E_To_C01_Z20_02","pericycle","cell_diameter",0.0171136,927
"928","P12_E_To_C01_Z20_02","pericycle","order",2,928
"929","P12_E_To_C01_Z20_02","pericycle","n_layers",1,929
"930","P12_E_To_C01_Z20_02","endodermis","barrier",1,930
"931","P12_E_To_C01_Z20_02","exodermis","barrier",1,931
"932","P12_E_To_C01_Z20_02","stele","n_layers",8,932
"933","P12_E_To_C01_Z20_02","stele","layer_diameter",0.2692,933
"934","P12_E_To_C01_Z20_02","cortex","n_layers",2,934
"935","P12_E_To_C01_Z20_02","phloem","n_files",3,935
"936","P12_E_To_C01_Z20_02","phloem","proportion",0.184992570579495,936
"937","P12_F_To_C01_Z10_01","secondarygrowth","param",1,937
"938","P12_F_To_C01_Z10_01","randomness","param",2,938
"939","P12_F_To_C01_Z10_01","planttype","param",2,939
"940","P12_F_To_C01_Z10_01","aerenchyma","proportion",0,940
"941","P12_F_To_C01_Z10_01","aerenchyma","n_files",10,941
"942","P12_F_To_C01_Z10_01","xylem","n_files",53,942
"943","P12_F_To_C01_Z10_01","xylem","max_size",4746.792,943
"944","P12_F_To_C01_Z10_01","xylem","mean_size",2125.59516981132,944
"945","P12_F_To_C01_Z10_01","xylem","order",1.5,945
"946","P12_F_To_C01_Z10_01","stele","cell_diameter",0.0281191589149448,946
"947","P12_F_To_C01_Z10_01","stele","SD",374.608036980385,947
"948","P12_F_To_C01_Z10_01","stele","mean_size",663.1606,948
"949","P12_F_To_C01_Z10_01","phloem","max_size",0.017639,949
"950","P12_F_To_C01_Z10_01","stele","totarea",1084086.8949344,950
"951","P12_F_To_C01_Z10_01","stele","order",1,951
"952","P12_F_To_C01_Z10_01","cortex","cell_diameter",0.042520625,952
"953","P12_F_To_C01_Z10_01","cortex","order",4,953
"954","P12_F_To_C01_Z10_01","endodermis","cell_diameter",0.038998,954
"955","P12_F_To_C01_Z10_01","endodermis","n_layers",1,955
"956","P12_F_To_C01_Z10_01","endodermis","order",3,956
"957","P12_F_To_C01_Z10_01","exodermis","cell_diameter",0.05062125,957
"958","P12_F_To_C01_Z10_01","exodermis","n_layers",1,958
"959","P12_F_To_C01_Z10_01","exodermis","order",5,959
"960","P12_F_To_C01_Z10_01","epidermis","cell_diameter",0.031031,960
"961","P12_F_To_C01_Z10_01","epidermis","n_layers",1,961
"962","P12_F_To_C01_Z10_01","epidermis","order",6,962
"963","P12_F_To_C01_Z10_01","pericycle","cell_diameter",0.0231002222222222,963
"964","P12_F_To_C01_Z10_01","pericycle","order",2,964
"965","P12_F_To_C01_Z10_01","pericycle","n_layers",1,965
"966","P12_F_To_C01_Z10_01","endodermis","barrier",2,966
"967","P12_F_To_C01_Z10_01","exodermis","barrier",1,967
"968","P12_F_To_C01_Z10_01","stele","n_layers",15,968
"969","P12_F_To_C01_Z10_01","stele","layer_diameter",1.17488,969
"970","P12_F_To_C01_Z10_01","cortex","n_layers",2,970
"971","P12_F_To_C01_Z10_01","phloem","n_files",4,971
"972","P12_F_To_C01_Z10_01","phloem","proportion",0.109457987198693,972
"973","P13_B_To_C01_Z20_01","secondarygrowth","param",1,973
"974","P13_B_To_C01_Z20_01","randomness","param",2,974
"975","P13_B_To_C01_Z20_01","planttype","param",2,975
"976","P13_B_To_C01_Z20_01","aerenchyma","proportion",0,976
"977","P13_B_To_C01_Z20_01","aerenchyma","n_files",10,977
"978","P13_B_To_C01_Z20_01","xylem","n_files",6,978
"979","P13_B_To_C01_Z20_01","xylem","max_size",250.86,979
"980","P13_B_To_C01_Z20_01","xylem","mean_size",189.523166666667,980
"981","P13_B_To_C01_Z20_01","xylem","order",1.5,981
"982","P13_B_To_C01_Z20_01","stele","cell_diameter",0.00911119106027667,982
"983","P13_B_To_C01_Z20_01","stele","SD",17.926983807355,983
"984","P13_B_To_C01_Z20_01","stele","mean_size",66.3261875,984
"985","P13_B_To_C01_Z20_01","phloem","max_size",0.007226,985
"986","P13_B_To_C01_Z20_01","stele","totarea",18983.246,986
"987","P13_B_To_C01_Z20_01","stele","order",1,987
"988","P13_B_To_C01_Z20_01","cortex","cell_diameter",0.0220554166666667,988
"989","P13_B_To_C01_Z20_01","cortex","order",4,989
"990","P13_B_To_C01_Z20_01","endodermis","cell_diameter",0.015926375,990
"991","P13_B_To_C01_Z20_01","endodermis","n_layers",1,991
"992","P13_B_To_C01_Z20_01","endodermis","order",3,992
"993","P13_B_To_C01_Z20_01","exodermis","cell_diameter",0.0268950909090909,993
"994","P13_B_To_C01_Z20_01","exodermis","n_layers",1,994
"995","P13_B_To_C01_Z20_01","exodermis","order",5,995
"996","P13_B_To_C01_Z20_01","epidermis","cell_diameter",0.0181425,996
"997","P13_B_To_C01_Z20_01","epidermis","n_layers",1,997
"998","P13_B_To_C01_Z20_01","epidermis","order",6,998
"999","P13_B_To_C01_Z20_01","pericycle","cell_diameter",0.0169658,999
"1000","P13_B_To_C01_Z20_01","pericycle","order",2,1000
"1001","P13_B_To_C01_Z20_01","pericycle","n_layers",1,1001
"1002","P13_B_To_C01_Z20_01","endodermis","barrier",1,1002
"1003","P13_B_To_C01_Z20_01","exodermis","barrier",0,1003
"1004","P13_B_To_C01_Z20_01","stele","n_layers",6,1004
"1005","P13_B_To_C01_Z20_01","stele","layer_diameter",0.16164,1005
"1006","P13_B_To_C01_Z20_01","cortex","n_layers",4,1006
"1007","P13_B_To_C01_Z20_01","phloem","n_files",1,1007
"1008","P13_B_To_C01_Z20_01","phloem","proportion",0,1008
"1009","P13_D2_To_C01_Z20_01","secondarygrowth","param",1,1009
"1010","P13_D2_To_C01_Z20_01","randomness","param",2,1010
"1011","P13_D2_To_C01_Z20_01","planttype","param",2,1011
"1012","P13_D2_To_C01_Z20_01","aerenchyma","proportion",0,1012
"1013","P13_D2_To_C01_Z20_01","aerenchyma","n_files",10,1013
"1014","P13_D2_To_C01_Z20_01","xylem","n_files",9,1014
"1015","P13_D2_To_C01_Z20_01","xylem","max_size",3902.009,1015
"1016","P13_D2_To_C01_Z20_01","xylem","mean_size",1266.35944444444,1016
"1017","P13_D2_To_C01_Z20_01","xylem","order",1.5,1017
"1018","P13_D2_To_C01_Z20_01","stele","cell_diameter",0.0109533889292745,1018
"1019","P13_D2_To_C01_Z20_01","stele","SD",25.1238245942689,1019
"1020","P13_D2_To_C01_Z20_01","stele","mean_size",95.6110769230769,1020
"1021","P13_D2_To_C01_Z20_01","phloem","max_size",0.007966,1021
"1022","P13_D2_To_C01_Z20_01","stele","totarea",35164.272,1022
"1023","P13_D2_To_C01_Z20_01","stele","order",1,1023
"1024","P13_D2_To_C01_Z20_01","cortex","cell_diameter",0.021826,1024
"1025","P13_D2_To_C01_Z20_01","cortex","order",4,1025
"1026","P13_D2_To_C01_Z20_01","endodermis","cell_diameter",0.0164042857142857,1026
"1027","P13_D2_To_C01_Z20_01","endodermis","n_layers",1,1027
"1028","P13_D2_To_C01_Z20_01","endodermis","order",3,1028
"1029","P13_D2_To_C01_Z20_01","exodermis","cell_diameter",0.0316132,1029
"1030","P13_D2_To_C01_Z20_01","exodermis","n_layers",1,1030
"1031","P13_D2_To_C01_Z20_01","exodermis","order",5,1031
"1032","P13_D2_To_C01_Z20_01","epidermis","cell_diameter",0.018891,1032
"1033","P13_D2_To_C01_Z20_01","epidermis","n_layers",1,1033
"1034","P13_D2_To_C01_Z20_01","epidermis","order",6,1034
"1035","P13_D2_To_C01_Z20_01","pericycle","cell_diameter",0.0112451818181818,1035
"1036","P13_D2_To_C01_Z20_01","pericycle","order",2,1036
"1037","P13_D2_To_C01_Z20_01","pericycle","n_layers",1,1037
"1038","P13_D2_To_C01_Z20_01","endodermis","barrier",1,1038
"1039","P13_D2_To_C01_Z20_01","exodermis","barrier",1,1039
"1040","P13_D2_To_C01_Z20_01","stele","n_layers",7,1040
"1041","P13_D2_To_C01_Z20_01","stele","layer_diameter",0.21036,1041
"1042","P13_D2_To_C01_Z20_01","cortex","n_layers",3,1042
"1043","P13_D2_To_C01_Z20_01","phloem","n_files",3,1043
"1044","P13_D2_To_C01_Z20_01","phloem","proportion",0.2177220003803,1044
"1045","P13_E_To_C01_Z20_01","secondarygrowth","param",1,1045
"1046","P13_E_To_C01_Z20_01","randomness","param",2,1046
"1047","P13_E_To_C01_Z20_01","planttype","param",2,1047
"1048","P13_E_To_C01_Z20_01","aerenchyma","proportion",0,1048
"1049","P13_E_To_C01_Z20_01","aerenchyma","n_files",10,1049
"1050","P13_E_To_C01_Z20_01","xylem","n_files",14,1050
"1051","P13_E_To_C01_Z20_01","xylem","max_size",5988.772,1051
"1052","P13_E_To_C01_Z20_01","xylem","mean_size",1145.36635714286,1052
"1053","P13_E_To_C01_Z20_01","xylem","order",1.5,1053
"1054","P13_E_To_C01_Z20_01","stele","cell_diameter",0.0109053762723563,1054
"1055","P13_E_To_C01_Z20_01","stele","SD",19.8831548734043,1055
"1056","P13_E_To_C01_Z20_01","stele","mean_size",94.3842142857143,1056
"1057","P13_E_To_C01_Z20_01","phloem","max_size",0.00771,1057
"1058","P13_E_To_C01_Z20_01","stele","totarea",60251.771,1058
"1059","P13_E_To_C01_Z20_01","stele","order",1,1059
"1060","P13_E_To_C01_Z20_01","cortex","cell_diameter",0.0235433,1060
"1061","P13_E_To_C01_Z20_01","cortex","order",4,1061
"1062","P13_E_To_C01_Z20_01","endodermis","cell_diameter",0.017127,1062
"1063","P13_E_To_C01_Z20_01","endodermis","n_layers",1,1063
"1064","P13_E_To_C01_Z20_01","endodermis","order",3,1064
"1065","P13_E_To_C01_Z20_01","exodermis","cell_diameter",0.0289903333333333,1065
"1066","P13_E_To_C01_Z20_01","exodermis","n_layers",1,1066
"1067","P13_E_To_C01_Z20_01","exodermis","order",5,1067
"1068","P13_E_To_C01_Z20_01","epidermis","cell_diameter",0.01734575,1068
"1069","P13_E_To_C01_Z20_01","epidermis","n_layers",1,1069
"1070","P13_E_To_C01_Z20_01","epidermis","order",6,1070
"1071","P13_E_To_C01_Z20_01","pericycle","cell_diameter",0.0128475,1071
"1072","P13_E_To_C01_Z20_01","pericycle","order",2,1072
"1073","P13_E_To_C01_Z20_01","pericycle","n_layers",1,1073
"1074","P13_E_To_C01_Z20_01","endodermis","barrier",1,1074
"1075","P13_E_To_C01_Z20_01","exodermis","barrier",1,1075
"1076","P13_E_To_C01_Z20_01","stele","n_layers",8,1076
"1077","P13_E_To_C01_Z20_01","stele","layer_diameter",0.2732,1077
"1078","P13_E_To_C01_Z20_01","cortex","n_layers",2,1078
"1079","P13_E_To_C01_Z20_01","phloem","n_files",3,1079
"1080","P13_E_To_C01_Z20_01","phloem","proportion",0.157174231332357,1080
"1081","P13_F_To_C01_Z10_01","secondarygrowth","param",1,1081
"1082","P13_F_To_C01_Z10_01","randomness","param",2,1082
"1083","P13_F_To_C01_Z10_01","planttype","param",2,1083
"1084","P13_F_To_C01_Z10_01","aerenchyma","proportion",0,1084
"1085","P13_F_To_C01_Z10_01","aerenchyma","n_files",10,1085
"1086","P13_F_To_C01_Z10_01","xylem","n_files",12,1086
"1087","P13_F_To_C01_Z10_01","xylem","max_size",6605.897,1087
"1088","P13_F_To_C01_Z10_01","xylem","mean_size",1853.524,1088
"1089","P13_F_To_C01_Z10_01","xylem","order",1.5,1089
"1090","P13_F_To_C01_Z10_01","stele","cell_diameter",0.0134142570187328,1090
"1091","P13_F_To_C01_Z10_01","stele","SD",49.6935761075049,1091
"1092","P13_F_To_C01_Z10_01","stele","mean_size",144.661733333333,1092
"1093","P13_F_To_C01_Z10_01","phloem","max_size",0.009635,1093
"1094","P13_F_To_C01_Z10_01","stele","totarea",72751.861,1094
"1095","P13_F_To_C01_Z10_01","stele","order",1,1095
"1096","P13_F_To_C01_Z10_01","cortex","cell_diameter",0.0294048333333333,1096
"1097","P13_F_To_C01_Z10_01","cortex","order",4,1097
"1098","P13_F_To_C01_Z10_01","endodermis","cell_diameter",0.0263694444444444,1098
"1099","P13_F_To_C01_Z10_01","endodermis","n_layers",1,1099
"1100","P13_F_To_C01_Z10_01","endodermis","order",3,1100
"1101","P13_F_To_C01_Z10_01","exodermis","cell_diameter",0.04484675,1101
"1102","P13_F_To_C01_Z10_01","exodermis","n_layers",1,1102
"1103","P13_F_To_C01_Z10_01","exodermis","order",5,1103
"1104","P13_F_To_C01_Z10_01","epidermis","cell_diameter",0.020172,1104
"1105","P13_F_To_C01_Z10_01","epidermis","n_layers",1,1105
"1106","P13_F_To_C01_Z10_01","epidermis","order",6,1106
"1107","P13_F_To_C01_Z10_01","pericycle","cell_diameter",0.0160835454545455,1107
"1108","P13_F_To_C01_Z10_01","pericycle","order",2,1108
"1109","P13_F_To_C01_Z10_01","pericycle","n_layers",1,1109
"1110","P13_F_To_C01_Z10_01","endodermis","barrier",1,1110
"1111","P13_F_To_C01_Z10_01","exodermis","barrier",1,1111
"1112","P13_F_To_C01_Z10_01","stele","n_layers",9,1112
"1113","P13_F_To_C01_Z10_01","stele","layer_diameter",0.3054,1113
"1114","P13_F_To_C01_Z10_01","cortex","n_layers",2,1114
"1115","P13_F_To_C01_Z10_01","phloem","n_files",4,1115
"1116","P13_F_To_C01_Z10_01","phloem","proportion",0.185396201702685,1116
"1117","P13_F2_To_C01_Z10_01","secondarygrowth","param",1,1117
"1118","P13_F2_To_C01_Z10_01","randomness","param",2,1118
"1119","P13_F2_To_C01_Z10_01","planttype","param",2,1119
"1120","P13_F2_To_C01_Z10_01","aerenchyma","proportion",0,1120
"1121","P13_F2_To_C01_Z10_01","aerenchyma","n_files",10,1121
"1122","P13_F2_To_C01_Z10_01","xylem","n_files",18,1122
"1123","P13_F2_To_C01_Z10_01","xylem","max_size",7058.109,1123
"1124","P13_F2_To_C01_Z10_01","xylem","mean_size",2552.68266666667,1124
"1125","P13_F2_To_C01_Z10_01","xylem","order",1.5,1125
"1126","P13_F2_To_C01_Z10_01","stele","cell_diameter",0.0149592877432647,1126
"1127","P13_F2_To_C01_Z10_01","stele","SD",74.4517427295549,1127
"1128","P13_F2_To_C01_Z10_01","stele","mean_size",181.817368421053,1128
"1129","P13_F2_To_C01_Z10_01","phloem","max_size",0.015757,1129
"1130","P13_F2_To_C01_Z10_01","stele","totarea",211875.608735,1130
"1131","P13_F2_To_C01_Z10_01","stele","order",1,1131
"1132","P13_F2_To_C01_Z10_01","cortex","cell_diameter",0.036432,1132
"1133","P13_F2_To_C01_Z10_01","cortex","order",4,1133
"1134","P13_F2_To_C01_Z10_01","endodermis","cell_diameter",0.023599,1134
"1135","P13_F2_To_C01_Z10_01","endodermis","n_layers",1,1135
"1136","P13_F2_To_C01_Z10_01","endodermis","order",3,1136
"1137","P13_F2_To_C01_Z10_01","exodermis","cell_diameter",0.047664,1137
"1138","P13_F2_To_C01_Z10_01","exodermis","n_layers",1,1138
"1139","P13_F2_To_C01_Z10_01","exodermis","order",5,1139
"1140","P13_F2_To_C01_Z10_01","epidermis","cell_diameter",0.026452,1140
"1141","P13_F2_To_C01_Z10_01","epidermis","n_layers",1,1141
"1142","P13_F2_To_C01_Z10_01","epidermis","order",6,1142
"1143","P13_F2_To_C01_Z10_01","pericycle","cell_diameter",0.0153905,1143
"1144","P13_F2_To_C01_Z10_01","pericycle","order",2,1144
"1145","P13_F2_To_C01_Z10_01","pericycle","n_layers",1,1145
"1146","P13_F2_To_C01_Z10_01","endodermis","barrier",2,1146
"1147","P13_F2_To_C01_Z10_01","exodermis","barrier",1,1147
"1148","P13_F2_To_C01_Z10_01","stele","n_layers",13,1148
"1149","P13_F2_To_C01_Z10_01","stele","layer_diameter",0.5194,1149
"1150","P13_F2_To_C01_Z10_01","cortex","n_layers",2,1150
"1151","P13_F2_To_C01_Z10_01","phloem","n_files",6,1151
"1152","P13_F2_To_C01_Z10_01","phloem","proportion",0.239314593762033,1152
"1153","P14_B_To_C02_Z20_01","secondarygrowth","param",1,1153
"1154","P14_B_To_C02_Z20_01","randomness","param",2,1154
"1155","P14_B_To_C02_Z20_01","planttype","param",2,1155
"1156","P14_B_To_C02_Z20_01","aerenchyma","proportion",0,1156
"1157","P14_B_To_C02_Z20_01","aerenchyma","n_files",10,1157
"1158","P14_B_To_C02_Z20_01","xylem","n_files",8,1158
"1159","P14_B_To_C02_Z20_01","xylem","max_size",259.321,1159
"1160","P14_B_To_C02_Z20_01","xylem","mean_size",169.279,1160
"1161","P14_B_To_C02_Z20_01","xylem","order",1.5,1161
"1162","P14_B_To_C02_Z20_01","stele","cell_diameter",0.00727909576698297,1162
"1163","P14_B_To_C02_Z20_01","stele","SD",13.2089938362718,1163
"1164","P14_B_To_C02_Z20_01","stele","mean_size",42.4959166666667,1164
"1165","P14_B_To_C02_Z20_01","phloem","max_size",0.00718,1165
"1166","P14_B_To_C02_Z20_01","stele","totarea",15102.199,1166
"1167","P14_B_To_C02_Z20_01","stele","order",1,1167
"1168","P14_B_To_C02_Z20_01","cortex","cell_diameter",0.0237881875,1168
"1169","P14_B_To_C02_Z20_01","cortex","order",4,1169
"1170","P14_B_To_C02_Z20_01","endodermis","cell_diameter",0.0168731428571429,1170
"1171","P14_B_To_C02_Z20_01","endodermis","n_layers",1,1171
"1172","P14_B_To_C02_Z20_01","endodermis","order",3,1172
"1173","P14_B_To_C02_Z20_01","exodermis","cell_diameter",0.0268179411764706,1173
"1174","P14_B_To_C02_Z20_01","exodermis","n_layers",1,1174
"1175","P14_B_To_C02_Z20_01","exodermis","order",5,1175
"1176","P14_B_To_C02_Z20_01","epidermis","cell_diameter",0.01722,1176
"1177","P14_B_To_C02_Z20_01","epidermis","n_layers",1,1177
"1178","P14_B_To_C02_Z20_01","epidermis","order",6,1178
"1179","P14_B_To_C02_Z20_01","pericycle","cell_diameter",0.0140665555555556,1179
"1180","P14_B_To_C02_Z20_01","pericycle","order",2,1180
"1181","P14_B_To_C02_Z20_01","pericycle","n_layers",1,1181
"1182","P14_B_To_C02_Z20_01","endodermis","barrier",1,1182
"1183","P14_B_To_C02_Z20_01","exodermis","barrier",0,1183
"1184","P14_B_To_C02_Z20_01","stele","n_layers",6,1184
"1185","P14_B_To_C02_Z20_01","stele","layer_diameter",0.13852,1185
"1186","P14_B_To_C02_Z20_01","cortex","n_layers",4,1186
"1187","P14_B_To_C02_Z20_01","phloem","n_files",1,1187
"1188","P14_B_To_C02_Z20_01","phloem","proportion",0,1188
"1189","P14_C_To_C01_Z20_03","secondarygrowth","param",1,1189
"1190","P14_C_To_C01_Z20_03","randomness","param",2,1190
"1191","P14_C_To_C01_Z20_03","planttype","param",2,1191
"1192","P14_C_To_C01_Z20_03","aerenchyma","proportion",0,1192
"1193","P14_C_To_C01_Z20_03","aerenchyma","n_files",10,1193
"1194","P14_C_To_C01_Z20_03","xylem","n_files",7,1194
"1195","P14_C_To_C01_Z20_03","xylem","max_size",268.62,1195
"1196","P14_C_To_C01_Z20_03","xylem","mean_size",179.152857142857,1196
"1197","P14_C_To_C01_Z20_03","xylem","order",1.5,1197
"1198","P14_C_To_C01_Z20_03","stele","cell_diameter",0.00764814360878953,1198
"1199","P14_C_To_C01_Z20_03","stele","SD",16.5122862939568,1199
"1200","P14_C_To_C01_Z20_03","stele","mean_size",47.3067777777778,1200
"1201","P14_C_To_C01_Z20_03","phloem","max_size",0.00776,1201
"1202","P14_C_To_C01_Z20_03","stele","totarea",15857.37,1202
"1203","P14_C_To_C01_Z20_03","stele","order",1,1203
"1204","P14_C_To_C01_Z20_03","cortex","cell_diameter",0.0228869166666667,1204
"1205","P14_C_To_C01_Z20_03","cortex","order",4,1205
"1206","P14_C_To_C01_Z20_03","endodermis","cell_diameter",0.0168108666666667,1206
"1207","P14_C_To_C01_Z20_03","endodermis","n_layers",1,1207
"1208","P14_C_To_C01_Z20_03","endodermis","order",3,1208
"1209","P14_C_To_C01_Z20_03","exodermis","cell_diameter",0.0286566666666667,1209
"1210","P14_C_To_C01_Z20_03","exodermis","n_layers",1,1210
"1211","P14_C_To_C01_Z20_03","exodermis","order",5,1211
"1212","P14_C_To_C01_Z20_03","epidermis","cell_diameter",0.016676,1212
"1213","P14_C_To_C01_Z20_03","epidermis","n_layers",1,1213
"1214","P14_C_To_C01_Z20_03","epidermis","order",6,1214
"1215","P14_C_To_C01_Z20_03","pericycle","cell_diameter",0.0147316842105263,1215
"1216","P14_C_To_C01_Z20_03","pericycle","order",2,1216
"1217","P14_C_To_C01_Z20_03","pericycle","n_layers",1,1217
"1218","P14_C_To_C01_Z20_03","endodermis","barrier",1,1218
"1219","P14_C_To_C01_Z20_03","exodermis","barrier",0,1219
"1220","P14_C_To_C01_Z20_03","stele","n_layers",7,1220
"1221","P14_C_To_C01_Z20_03","stele","layer_diameter",0.1342,1221
"1222","P14_C_To_C01_Z20_03","cortex","n_layers",4,1222
"1223","P14_C_To_C01_Z20_03","phloem","n_files",1,1223
"1224","P14_C_To_C01_Z20_03","phloem","proportion",0,1224
"1225","P14_D_To_C01_Z20_01","secondarygrowth","param",1,1225
"1226","P14_D_To_C01_Z20_01","randomness","param",2,1226
"1227","P14_D_To_C01_Z20_01","planttype","param",2,1227
"1228","P14_D_To_C01_Z20_01","aerenchyma","proportion",0,1228
"1229","P14_D_To_C01_Z20_01","aerenchyma","n_files",10,1229
"1230","P14_D_To_C01_Z20_01","xylem","n_files",7,1230
"1231","P14_D_To_C01_Z20_01","xylem","max_size",279.902,1231
"1232","P14_D_To_C01_Z20_01","xylem","mean_size",199.036857142857,1232
"1233","P14_D_To_C01_Z20_01","xylem","order",1.5,1233
"1234","P14_D_To_C01_Z20_01","stele","cell_diameter",0.00771818824284183,1234
"1235","P14_D_To_C01_Z20_01","stele","SD",19.0340536255018,1235
"1236","P14_D_To_C01_Z20_01","stele","mean_size",48.378125,1236
"1237","P14_D_To_C01_Z20_01","phloem","max_size",0.00784,1237
"1238","P14_D_To_C01_Z20_01","stele","totarea",17364.434,1238
"1239","P14_D_To_C01_Z20_01","stele","order",1,1239
"1240","P14_D_To_C01_Z20_01","cortex","cell_diameter",0.0234721875,1240
"1241","P14_D_To_C01_Z20_01","cortex","order",4,1241
"1242","P14_D_To_C01_Z20_01","endodermis","cell_diameter",0.0155433529411765,1242
"1243","P14_D_To_C01_Z20_01","endodermis","n_layers",1,1243
"1244","P14_D_To_C01_Z20_01","endodermis","order",3,1244
"1245","P14_D_To_C01_Z20_01","exodermis","cell_diameter",0.0257045454545455,1245
"1246","P14_D_To_C01_Z20_01","exodermis","n_layers",1,1246
"1247","P14_D_To_C01_Z20_01","exodermis","order",5,1247
"1248","P14_D_To_C01_Z20_01","epidermis","cell_diameter",0.016676,1248
"1249","P14_D_To_C01_Z20_01","epidermis","n_layers",1,1249
"1250","P14_D_To_C01_Z20_01","epidermis","order",6,1250
"1251","P14_D_To_C01_Z20_01","pericycle","cell_diameter",0.0143778947368421,1251
"1252","P14_D_To_C01_Z20_01","pericycle","order",2,1252
"1253","P14_D_To_C01_Z20_01","pericycle","n_layers",1,1253
"1254","P14_D_To_C01_Z20_01","endodermis","barrier",1,1254
"1255","P14_D_To_C01_Z20_01","exodermis","barrier",0,1255
"1256","P14_D_To_C01_Z20_01","stele","n_layers",9,1256
"1257","P14_D_To_C01_Z20_01","stele","layer_diameter",0.1474,1257
"1258","P14_D_To_C01_Z20_01","cortex","n_layers",4,1258
"1259","P14_D_To_C01_Z20_01","phloem","n_files",1,1259
"1260","P14_D_To_C01_Z20_01","phloem","proportion",0,1260
"1261","P14_D2_To_C02_Z20_01","secondarygrowth","param",1,1261
"1262","P14_D2_To_C02_Z20_01","randomness","param",2,1262
"1263","P14_D2_To_C02_Z20_01","planttype","param",2,1263
"1264","P14_D2_To_C02_Z20_01","aerenchyma","proportion",0,1264
"1265","P14_D2_To_C02_Z20_01","aerenchyma","n_files",10,1265
"1266","P14_D2_To_C02_Z20_01","xylem","n_files",9,1266
"1267","P14_D2_To_C02_Z20_01","xylem","max_size",3598.705,1267
"1268","P14_D2_To_C02_Z20_01","xylem","mean_size",1267.02011111111,1268
"1269","P14_D2_To_C02_Z20_01","xylem","order",1.5,1269
"1270","P14_D2_To_C02_Z20_01","stele","cell_diameter",0.00949114486073475,1270
"1271","P14_D2_To_C02_Z20_01","stele","SD",21.2810744695122,1271
"1272","P14_D2_To_C02_Z20_01","stele","mean_size",72.2270769230769,1272
"1273","P14_D2_To_C02_Z20_01","phloem","max_size",0.006976,1273
"1274","P14_D2_To_C02_Z20_01","stele","totarea",27514.917,1274
"1275","P14_D2_To_C02_Z20_01","stele","order",1,1275
"1276","P14_D2_To_C02_Z20_01","cortex","cell_diameter",0.0181894285714286,1276
"1277","P14_D2_To_C02_Z20_01","cortex","order",4,1277
"1278","P14_D2_To_C02_Z20_01","endodermis","cell_diameter",0.01264275,1278
"1279","P14_D2_To_C02_Z20_01","endodermis","n_layers",1,1279
"1280","P14_D2_To_C02_Z20_01","endodermis","order",3,1280
"1281","P14_D2_To_C02_Z20_01","exodermis","cell_diameter",0.02461725,1281
"1282","P14_D2_To_C02_Z20_01","exodermis","n_layers",1,1282
"1283","P14_D2_To_C02_Z20_01","exodermis","order",5,1283
"1284","P14_D2_To_C02_Z20_01","epidermis","cell_diameter",0.014197,1284
"1285","P14_D2_To_C02_Z20_01","epidermis","n_layers",1,1285
"1286","P14_D2_To_C02_Z20_01","epidermis","order",6,1286
"1287","P14_D2_To_C02_Z20_01","pericycle","cell_diameter",0.00910455555555555,1287
"1288","P14_D2_To_C02_Z20_01","pericycle","order",2,1288
"1289","P14_D2_To_C02_Z20_01","pericycle","n_layers",1,1289
"1290","P14_D2_To_C02_Z20_01","endodermis","barrier",1,1290
"1291","P14_D2_To_C02_Z20_01","exodermis","barrier",1,1291
"1292","P14_D2_To_C02_Z20_01","stele","n_layers",8,1292
"1293","P14_D2_To_C02_Z20_01","stele","layer_diameter",0.18522,1293
"1294","P14_D2_To_C02_Z20_01","cortex","n_layers",2,1294
"1295","P14_D2_To_C02_Z20_01","phloem","n_files",2,1295
"1296","P14_D2_To_C02_Z20_01","phloem","proportion",0.148137350178166,1296
"1297","P14_E_To_C01_Z20_02","secondarygrowth","param",1,1297
"1298","P14_E_To_C01_Z20_02","randomness","param",2,1298
"1299","P14_E_To_C01_Z20_02","planttype","param",2,1299
"1300","P14_E_To_C01_Z20_02","aerenchyma","proportion",0,1300
"1301","P14_E_To_C01_Z20_02","aerenchyma","n_files",10,1301
"1302","P14_E_To_C01_Z20_02","xylem","n_files",11,1302
"1303","P14_E_To_C01_Z20_02","xylem","max_size",4340.689,1303
"1304","P14_E_To_C01_Z20_02","xylem","mean_size",1805.09372727273,1304
"1305","P14_E_To_C01_Z20_02","xylem","order",1.5,1305
"1306","P14_E_To_C01_Z20_02","stele","cell_diameter",0.0117184524993258,1306
"1307","P14_E_To_C01_Z20_02","stele","SD",26.540448162506,1307
"1308","P14_E_To_C01_Z20_02","stele","mean_size",109.435166666667,1308
"1309","P14_E_To_C01_Z20_02","phloem","max_size",0.008572,1309
"1310","P14_E_To_C01_Z20_02","stele","totarea",54441.521,1310
"1311","P14_E_To_C01_Z20_02","stele","order",1,1311
"1312","P14_E_To_C01_Z20_02","cortex","cell_diameter",0.02617375,1312
"1313","P14_E_To_C01_Z20_02","cortex","order",4,1313
"1314","P14_E_To_C01_Z20_02","endodermis","cell_diameter",0.0205677857142857,1314
"1315","P14_E_To_C01_Z20_02","endodermis","n_layers",1,1315
"1316","P14_E_To_C01_Z20_02","endodermis","order",3,1316
"1317","P14_E_To_C01_Z20_02","exodermis","cell_diameter",0.029935625,1317
"1318","P14_E_To_C01_Z20_02","exodermis","n_layers",1,1318
"1319","P14_E_To_C01_Z20_02","exodermis","order",5,1319
"1320","P14_E_To_C01_Z20_02","epidermis","cell_diameter",0.017946,1320
"1321","P14_E_To_C01_Z20_02","epidermis","n_layers",1,1321
"1322","P14_E_To_C01_Z20_02","epidermis","order",6,1322
"1323","P14_E_To_C01_Z20_02","pericycle","cell_diameter",0.0124178461538462,1323
"1324","P14_E_To_C01_Z20_02","pericycle","order",2,1324
"1325","P14_E_To_C01_Z20_02","pericycle","n_layers",1,1325
"1326","P14_E_To_C01_Z20_02","endodermis","barrier",1,1326
"1327","P14_E_To_C01_Z20_02","exodermis","barrier",1,1327
"1328","P14_E_To_C01_Z20_02","stele","n_layers",9,1328
"1329","P14_E_To_C01_Z20_02","stele","layer_diameter",0.2618,1329
"1330","P14_E_To_C01_Z20_02","cortex","n_layers",2,1330
"1331","P14_E_To_C01_Z20_02","phloem","n_files",3,1331
"1332","P14_E_To_C01_Z20_02","phloem","proportion",0.146447669977082,1332
"1333","P14_F_To_C02_Z10_04","secondarygrowth","param",1,1333
"1334","P14_F_To_C02_Z10_04","randomness","param",2,1334
"1335","P14_F_To_C02_Z10_04","planttype","param",2,1335
"1336","P14_F_To_C02_Z10_04","aerenchyma","proportion",0,1336
"1337","P14_F_To_C02_Z10_04","aerenchyma","n_files",10,1337
"1338","P14_F_To_C02_Z10_04","xylem","n_files",23,1338
"1339","P14_F_To_C02_Z10_04","xylem","max_size",5318.095,1339
"1340","P14_F_To_C02_Z10_04","xylem","mean_size",1815.66752173913,1340
"1341","P14_F_To_C02_Z10_04","xylem","order",1.5,1341
"1342","P14_F_To_C02_Z10_04","stele","cell_diameter",0.0196539315101566,1342
"1343","P14_F_To_C02_Z10_04","stele","SD",113.066467794175,1343
"1344","P14_F_To_C02_Z10_04","stele","mean_size",312.868268292683,1344
"1345","P14_F_To_C02_Z10_04","phloem","max_size",0.015329,1345
"1346","P14_F_To_C02_Z10_04","stele","totarea",369229.485,1346
"1347","P14_F_To_C02_Z10_04","stele","order",1,1347
"1348","P14_F_To_C02_Z10_04","cortex","cell_diameter",0.0324285,1348
"1349","P14_F_To_C02_Z10_04","cortex","order",4,1349
"1350","P14_F_To_C02_Z10_04","endodermis","cell_diameter",0.0346248461538462,1350
"1351","P14_F_To_C02_Z10_04","endodermis","n_layers",1,1351
"1352","P14_F_To_C02_Z10_04","endodermis","order",3,1352
"1353","P14_F_To_C02_Z10_04","exodermis","cell_diameter",0.0452503333333333,1353
"1354","P14_F_To_C02_Z10_04","exodermis","n_layers",1,1354
"1355","P14_F_To_C02_Z10_04","exodermis","order",5,1355
"1356","P14_F_To_C02_Z10_04","epidermis","cell_diameter",0.014197,1356
"1357","P14_F_To_C02_Z10_04","epidermis","n_layers",1,1357
"1358","P14_F_To_C02_Z10_04","epidermis","order",6,1358
"1359","P14_F_To_C02_Z10_04","pericycle","cell_diameter",0.02354425,1359
"1360","P14_F_To_C02_Z10_04","pericycle","order",2,1360
"1361","P14_F_To_C02_Z10_04","pericycle","n_layers",1,1361
"1362","P14_F_To_C02_Z10_04","endodermis","barrier",1,1362
"1363","P14_F_To_C02_Z10_04","exodermis","barrier",1,1363
"1364","P14_F_To_C02_Z10_04","stele","n_layers",13,1364
"1365","P14_F_To_C02_Z10_04","stele","layer_diameter",0.67,1365
"1366","P14_F_To_C02_Z10_04","cortex","n_layers",2,1366
"1367","P14_F_To_C02_Z10_04","phloem","n_files",5,1367
"1368","P14_F_To_C02_Z10_04","phloem","proportion",0.186865671641791,1368
