"","name","type","root","x","y"
"1","xylem","n_files","root17",0,2
"2","xylem","n_files","root17",1,2
"3","xylem","n_files","root17",2,2
"4","xylem","n_files","root17",3,2
"5","xylem","n_files","root17",4,2
"6","xylem","n_files","root17",5,2
"7","xylem","n_files","root17",6,2
"8","xylem","n_files","root17",7,2
"9","xylem","n_files","root17",8,2
"10","xylem","n_files","root17",9,2
"11","xylem","n_files","root17",10,2
"12","xylem","n_files","root17",11,2
"13","xylem","n_files","root17",12,2
"14","xylem","n_files","root17",13,2
"15","xylem","n_files","root17",14,2
"16","xylem","n_files","root17",15,2
"17","xylem","n_files","root17",16,2
"18","xylem","n_files","root17",17,2
"19","xylem","n_files","root17",18,2
"20","xylem","n_files","root17",19,2
"21","xylem","n_files","root17",20,2
"22","xylem","n_files","root17",21,2
"23","xylem","n_files","root17",22,2
"24","xylem","n_files","root17",23,2
"25","xylem","n_files","root17",24,2
"26","xylem","n_files","root17",25,2
"27","xylem","n_files","root17",26,2
"28","xylem","n_files","root17",27,2
"29","xylem","n_files","root17",28,2
"30","xylem","n_files","root17",29,2
"31","xylem","n_files","root17",30,2
"32","xylem","max_size","root17",0,0.0113959995685616
"33","xylem","max_size","root17",1,0.0208178200012597
"34","xylem","max_size","root17",2,0.0276238308161339
"35","xylem","max_size","root17",3,0.0190967520155648
"36","xylem","max_size","root17",4,0.0287454187981518
"37","xylem","max_size","root17",5,0.0108599181703007
"38","xylem","max_size","root17",6,0.0254475888157482
"39","xylem","max_size","root17",7,0.0356765624657818
"40","xylem","max_size","root17",8,0.0381015513534538
"41","xylem","max_size","root17",9,0.0392939904340607
"42","xylem","max_size","root17",10,0.037534510699491
"43","xylem","max_size","root17",11,0.0285458151059772
"44","xylem","max_size","root17",12,0.0331440408798397
"45","xylem","max_size","root17",13,0.0411614753721672
"46","xylem","max_size","root17",14,0.0435885079551615
"47","xylem","max_size","root17",15,0.0528678451248771
"48","xylem","max_size","root17",16,0.0549511447833972
"49","xylem","max_size","root17",17,0.0662341744931819
"50","xylem","max_size","root17",18,0.0602174770663342
"51","xylem","max_size","root17",19,0.065053815195626
"52","xylem","max_size","root17",20,0.045971090697206
"53","xylem","max_size","root17",21,0.0515808230992435
"54","xylem","max_size","root17",22,0.0690395688311488
"55","xylem","max_size","root17",23,0.0472854947321123
"56","xylem","max_size","root17",24,0.0751084331100561
"57","xylem","max_size","root17",25,0.0517654660955517
"58","xylem","max_size","root17",26,0.0679777560325804
"59","xylem","max_size","root17",27,0.0691284210851101
"60","xylem","max_size","root17",28,0.0879956677405084
"61","xylem","max_size","root17",29,0.101261759405637
"62","xylem","max_size","root17",30,0.0899833116058735
"63","xylem","cell_diameter","root17",0,0.00821265126834585
"64","xylem","cell_diameter","root17",1,0.0145224774421922
"65","xylem","cell_diameter","root17",2,0.0151082749403869
"66","xylem","cell_diameter","root17",3,0.0207489123083978
"67","xylem","cell_diameter","root17",4,0.0215872546441307
"68","xylem","cell_diameter","root17",5,0.0144522050390548
"69","xylem","cell_diameter","root17",6,0.0150130515421867
"70","xylem","cell_diameter","root17",7,0.0182093118995456
"71","xylem","cell_diameter","root17",8,0.02454791213805
"72","xylem","cell_diameter","root17",9,0.0201792916839684
"73","xylem","cell_diameter","root17",10,0.023684677715637
"74","xylem","cell_diameter","root17",11,0.0401212558612217
"75","xylem","cell_diameter","root17",12,0.0287931338837848
"76","xylem","cell_diameter","root17",13,0.0292411510390562
"77","xylem","cell_diameter","root17",14,0.034529064863353
"78","xylem","cell_diameter","root17",15,0.0243935722381215
"79","xylem","cell_diameter","root17",16,0.0353767836190777
"80","xylem","cell_diameter","root17",17,0.0275760797628707
"81","xylem","cell_diameter","root17",18,0.0421958862308072
"82","xylem","cell_diameter","root17",19,0.0357914687263209
"83","xylem","cell_diameter","root17",20,0.0369037807553522
"84","xylem","cell_diameter","root17",21,0.0424721954479634
"85","xylem","cell_diameter","root17",22,0.0380778311739907
"86","xylem","cell_diameter","root17",23,0.0374528849681699
"87","xylem","cell_diameter","root17",24,0.0473233413340584
"88","xylem","cell_diameter","root17",25,0.048179443138867
"89","xylem","cell_diameter","root17",26,0.0414110822372824
"90","xylem","cell_diameter","root17",27,0.0439536507478133
"91","xylem","cell_diameter","root17",28,0.049343338880405
"92","xylem","cell_diameter","root17",29,0.0501343289824262
"93","xylem","cell_diameter","root17",30,0.053150659043975
"94","xylem","n_cells","root17",0,4
"95","xylem","n_cells","root17",1,3
"96","xylem","n_cells","root17",2,7
"97","xylem","n_cells","root17",3,7
"98","xylem","n_cells","root17",4,6
"99","xylem","n_cells","root17",5,5
"100","xylem","n_cells","root17",6,5
"101","xylem","n_cells","root17",7,6
"102","xylem","n_cells","root17",8,7
"103","xylem","n_cells","root17",9,7
"104","xylem","n_cells","root17",10,8
"105","xylem","n_cells","root17",11,11
"106","xylem","n_cells","root17",12,7
"107","xylem","n_cells","root17",13,7
"108","xylem","n_cells","root17",14,8
"109","xylem","n_cells","root17",15,10
"110","xylem","n_cells","root17",16,8
"111","xylem","n_cells","root17",17,13
"112","xylem","n_cells","root17",18,11
"113","xylem","n_cells","root17",19,9
"114","xylem","n_cells","root17",20,10
"115","xylem","n_cells","root17",21,4
"116","xylem","n_cells","root17",22,11
"117","xylem","n_cells","root17",23,11
"118","xylem","n_cells","root17",24,11
"119","xylem","n_cells","root17",25,12
"120","xylem","n_cells","root17",26,20
"121","xylem","n_cells","root17",27,41
"122","xylem","n_cells","root17",28,17
"123","xylem","n_cells","root17",29,21
"124","xylem","n_cells","root17",30,17
"125","stele","cell_diameter","root17",0,0.00658010987496643
"126","stele","cell_diameter","root17",1,0.00762071823355001
"127","stele","cell_diameter","root17",2,0.00675552427489451
"128","stele","cell_diameter","root17",3,0.00691848127462282
"129","stele","cell_diameter","root17",4,0.00854350953457453
"130","stele","cell_diameter","root17",5,0.00858159091764348
"131","stele","cell_diameter","root17",6,0.00775600742014277
"132","stele","cell_diameter","root17",7,0.00806227863501409
"133","stele","cell_diameter","root17",8,0.00810266323015979
"134","stele","cell_diameter","root17",9,0.0086281373293637
"135","stele","cell_diameter","root17",10,0.00823754469313259
"136","stele","cell_diameter","root17",11,0.00768805174651574
"137","stele","cell_diameter","root17",12,0.00991905010307115
"138","stele","cell_diameter","root17",13,0.00689882834980864
"139","stele","cell_diameter","root17",14,0.00789209991033379
"140","stele","cell_diameter","root17",15,0.00912151840306931
"141","stele","cell_diameter","root17",16,0.00878821923272616
"142","stele","cell_diameter","root17",17,0.0110174254706077
"143","stele","cell_diameter","root17",18,0.0108923722342436
"144","stele","cell_diameter","root17",19,0.00859811787159552
"145","stele","cell_diameter","root17",20,0.00913358296165362
"146","stele","cell_diameter","root17",21,0.0102811998999057
"147","stele","cell_diameter","root17",22,0.00839060537095175
"148","stele","cell_diameter","root17",23,0.00976912504396562
"149","stele","cell_diameter","root17",24,0.0115700872475499
"150","stele","cell_diameter","root17",25,0.01123449785741
"151","stele","cell_diameter","root17",26,0.0152696542760156
"152","stele","cell_diameter","root17",27,0.0177579474060962
"153","stele","cell_diameter","root17",28,0.0158417860956149
"154","stele","cell_diameter","root17",29,0.00916877297341866
"155","stele","cell_diameter","root17",30,0.0181431207476144
"156","stele","SD","root17",0,0.00107220964432252
"157","stele","SD","root17",1,0.00112188901416816
"158","stele","SD","root17",2,0.00120200969266441
"159","stele","SD","root17",3,0.00145417927819466
"160","stele","SD","root17",4,0.00141572670340413
"161","stele","SD","root17",5,0.00110205095219131
"162","stele","SD","root17",6,0.00135854945439852
"163","stele","SD","root17",7,0.00103062167709763
"164","stele","SD","root17",8,0.00106703740742609
"165","stele","SD","root17",9,0.00132078075509627
"166","stele","SD","root17",10,0.00134736853739975
"167","stele","SD","root17",11,0.000955613380902722
"168","stele","SD","root17",12,0.00102808092816859
"169","stele","SD","root17",13,0.00118340299617865
"170","stele","SD","root17",14,0.00125302913728084
"171","stele","SD","root17",15,0.00127357588053441
"172","stele","SD","root17",16,0.00137119033376615
"173","stele","SD","root17",17,0.0013323521051161
"174","stele","SD","root17",18,0.0012059770570305
"175","stele","SD","root17",19,0.00127145070926801
"176","stele","SD","root17",20,0.00158727430300652
"177","stele","SD","root17",21,0.00140010967706216
"178","stele","SD","root17",22,0.0013459884213159
"179","stele","SD","root17",23,0.00140779953750283
"180","stele","SD","root17",24,0.00182305951295563
"181","stele","SD","root17",25,0.00119080024832493
"182","stele","SD","root17",26,0.0017081831176297
"183","stele","SD","root17",27,0.00252932441258802
"184","stele","SD","root17",28,0.00200048958608361
"185","stele","SD","root17",29,0.00595743573327123
"186","stele","SD","root17",30,0.00402898940939179
"187","cortex","cell_diameter","root17",0,0.0286353354904661
"188","cortex","cell_diameter","root17",1,0.0233281540866766
"189","cortex","cell_diameter","root17",2,0.0188876333981987
"190","cortex","cell_diameter","root17",3,0.0200905003754262
"191","cortex","cell_diameter","root17",4,0.0179047406203316
"192","cortex","cell_diameter","root17",5,0.0281068378293654
"193","cortex","cell_diameter","root17",6,0.0149597871944262
"194","cortex","cell_diameter","root17",7,0.0252565213129758
"195","cortex","cell_diameter","root17",8,0.0231215695726111
"196","cortex","cell_diameter","root17",9,0.0266879964330733
"197","cortex","cell_diameter","root17",10,0.0173831103837803
"198","cortex","cell_diameter","root17",11,0.0216684674702049
"199","cortex","cell_diameter","root17",12,0.0276173758004396
"200","cortex","cell_diameter","root17",13,0.0234337222008784
"201","cortex","cell_diameter","root17",14,0.0300777098583264
"202","cortex","cell_diameter","root17",15,0.0174035134606342
"203","cortex","cell_diameter","root17",16,0.0329200225323
"204","cortex","cell_diameter","root17",17,0.0232435248625816
"205","cortex","cell_diameter","root17",18,0.0236140455436678
"206","cortex","cell_diameter","root17",19,0.0244118726418648
"207","cortex","cell_diameter","root17",20,0.0247954025103825
"208","cortex","cell_diameter","root17",21,0.0200424046632147
"209","cortex","cell_diameter","root17",22,0.0216613907601849
"210","cortex","cell_diameter","root17",23,0.0203760467687246
"211","cortex","cell_diameter","root17",24,0.0259431739043185
"212","cortex","cell_diameter","root17",25,0.0267822020052515
"213","cortex","cell_diameter","root17",26,0.0216307244234863
"214","cortex","cell_diameter","root17",27,0.0255642025346982
"215","cortex","cell_diameter","root17",28,0.0242642434774319
"216","cortex","cell_diameter","root17",29,0.0212123556919369
"217","cortex","cell_diameter","root17",30,0.0303747000339138
"218","endodermis","cell_diameter","root17",0,0.0134227851671632
"219","endodermis","cell_diameter","root17",1,0.02033275066174
"220","endodermis","cell_diameter","root17",2,0.0186780426103723
"221","endodermis","cell_diameter","root17",3,0.00432564607699248
"222","endodermis","cell_diameter","root17",4,0.0215186454078523
"223","endodermis","cell_diameter","root17",5,0.0104411639093851
"224","endodermis","cell_diameter","root17",6,0.0150086675337648
"225","endodermis","cell_diameter","root17",7,0.0133122610279251
"226","endodermis","cell_diameter","root17",8,0.0180550870365645
"227","endodermis","cell_diameter","root17",9,0.0162706546752114
"228","endodermis","cell_diameter","root17",10,0.0224940861069821
"229","endodermis","cell_diameter","root17",11,0.0160261349739838
"230","endodermis","cell_diameter","root17",12,0.0188094331799943
"231","endodermis","cell_diameter","root17",13,0.0153294649280519
"232","endodermis","cell_diameter","root17",14,0.017270261090583
"233","endodermis","cell_diameter","root17",15,0.0206660715659948
"234","endodermis","cell_diameter","root17",16,0.0155940348942306
"235","endodermis","cell_diameter","root17",17,0.0128708963201897
"236","endodermis","cell_diameter","root17",18,0.02207979266456
"237","endodermis","cell_diameter","root17",19,0.0193919090616786
"238","endodermis","cell_diameter","root17",20,0.0169527061891952
"239","endodermis","cell_diameter","root17",21,0.0140582838521491
"240","endodermis","cell_diameter","root17",22,0.0189033715983014
"241","endodermis","cell_diameter","root17",23,0.0243561982962869
"242","endodermis","cell_diameter","root17",24,0.0253177114968686
"243","endodermis","cell_diameter","root17",25,0.0138113937827254
"244","endodermis","cell_diameter","root17",26,0.0290543994381266
"245","endodermis","cell_diameter","root17",27,0.0211215080769526
"246","endodermis","cell_diameter","root17",28,0.0127940321578852
"247","endodermis","cell_diameter","root17",29,0.0161407160851003
"248","endodermis","cell_diameter","root17",30,0.0295500846066973
"249","endodermis","n_layers","root17",0,1
"250","endodermis","n_layers","root17",1,1
"251","endodermis","n_layers","root17",2,1
"252","endodermis","n_layers","root17",3,1
"253","endodermis","n_layers","root17",4,1
"254","endodermis","n_layers","root17",5,1
"255","endodermis","n_layers","root17",6,1
"256","endodermis","n_layers","root17",7,1
"257","endodermis","n_layers","root17",8,1
"258","endodermis","n_layers","root17",9,1
"259","endodermis","n_layers","root17",10,1
"260","endodermis","n_layers","root17",11,1
"261","endodermis","n_layers","root17",12,1
"262","endodermis","n_layers","root17",13,1
"263","endodermis","n_layers","root17",14,1
"264","endodermis","n_layers","root17",15,1
"265","endodermis","n_layers","root17",16,1
"266","endodermis","n_layers","root17",17,1
"267","endodermis","n_layers","root17",18,1
"268","endodermis","n_layers","root17",19,1
"269","endodermis","n_layers","root17",20,1
"270","endodermis","n_layers","root17",21,1
"271","endodermis","n_layers","root17",22,1
"272","endodermis","n_layers","root17",23,1
"273","endodermis","n_layers","root17",24,1
"274","endodermis","n_layers","root17",25,1
"275","endodermis","n_layers","root17",26,1
"276","endodermis","n_layers","root17",27,1
"277","endodermis","n_layers","root17",28,1
"278","endodermis","n_layers","root17",29,1
"279","endodermis","n_layers","root17",30,1
"280","exodermis","cell_diameter","root17",0,0.0336674062520223
"281","exodermis","cell_diameter","root17",1,0.0203649542088485
"282","exodermis","cell_diameter","root17",2,0.0214756113386238
"283","exodermis","cell_diameter","root17",3,0.0285697957564423
"284","exodermis","cell_diameter","root17",4,0.027257566375824
"285","exodermis","cell_diameter","root17",5,0.0264194545059351
"286","exodermis","cell_diameter","root17",6,0.0333494157501221
"287","exodermis","cell_diameter","root17",7,0.0215321633456899
"288","exodermis","cell_diameter","root17",8,0.0222688784059495
"289","exodermis","cell_diameter","root17",9,0.0266433276988763
"290","exodermis","cell_diameter","root17",10,0.0231555667596357
"291","exodermis","cell_diameter","root17",11,0.0294093041222654
"292","exodermis","cell_diameter","root17",12,0.0218377843056151
"293","exodermis","cell_diameter","root17",13,0.0309517186189399
"294","exodermis","cell_diameter","root17",14,0.029980003831051
"295","exodermis","cell_diameter","root17",15,0.0340027054297124
"296","exodermis","cell_diameter","root17",16,0.0302750331581755
"297","exodermis","cell_diameter","root17",17,0.0285979046455968
"298","exodermis","cell_diameter","root17",18,0.0334051265091882
"299","exodermis","cell_diameter","root17",19,0.0323406959093378
"300","exodermis","cell_diameter","root17",20,0.0298987459646082
"301","exodermis","cell_diameter","root17",21,0.0249601851948792
"302","exodermis","cell_diameter","root17",22,0.0306688004929351
"303","exodermis","cell_diameter","root17",23,0.031129655435844
"304","exodermis","cell_diameter","root17",24,0.0308420103342279
"305","exodermis","cell_diameter","root17",25,0.0284797062015928
"306","exodermis","cell_diameter","root17",26,0.0322999585630564
"307","exodermis","cell_diameter","root17",27,0.0333152151490786
"308","exodermis","cell_diameter","root17",28,0.0384014016403132
"309","exodermis","cell_diameter","root17",29,0.0342295368726421
"310","exodermis","cell_diameter","root17",30,0.0248504831615965
"311","exodermis","n_layers","root17",0,1
"312","exodermis","n_layers","root17",1,1
"313","exodermis","n_layers","root17",2,1
"314","exodermis","n_layers","root17",3,1
"315","exodermis","n_layers","root17",4,1
"316","exodermis","n_layers","root17",5,1
"317","exodermis","n_layers","root17",6,1
"318","exodermis","n_layers","root17",7,1
"319","exodermis","n_layers","root17",8,1
"320","exodermis","n_layers","root17",9,1
"321","exodermis","n_layers","root17",10,1
"322","exodermis","n_layers","root17",11,1
"323","exodermis","n_layers","root17",12,1
"324","exodermis","n_layers","root17",13,1
"325","exodermis","n_layers","root17",14,1
"326","exodermis","n_layers","root17",15,1
"327","exodermis","n_layers","root17",16,1
"328","exodermis","n_layers","root17",17,1
"329","exodermis","n_layers","root17",18,1
"330","exodermis","n_layers","root17",19,1
"331","exodermis","n_layers","root17",20,1
"332","exodermis","n_layers","root17",21,1
"333","exodermis","n_layers","root17",22,1
"334","exodermis","n_layers","root17",23,1
"335","exodermis","n_layers","root17",24,1
"336","exodermis","n_layers","root17",25,1
"337","exodermis","n_layers","root17",26,1
"338","exodermis","n_layers","root17",27,1
"339","exodermis","n_layers","root17",28,1
"340","exodermis","n_layers","root17",29,1
"341","exodermis","n_layers","root17",30,1
"342","epidermis","cell_diameter","root17",0,0.0269345859180408
"343","epidermis","cell_diameter","root17",1,0.00875404475642701
"344","epidermis","cell_diameter","root17",2,0.0148720432954283
"345","epidermis","cell_diameter","root17",3,0.0206449105978755
"346","epidermis","cell_diameter","root17",4,0.0179786653925562
"347","epidermis","cell_diameter","root17",5,0.0134714824610934
"348","epidermis","cell_diameter","root17",6,0.011840978426266
"349","epidermis","cell_diameter","root17",7,0.023113361344546
"350","epidermis","cell_diameter","root17",8,0.0262981953967701
"351","epidermis","cell_diameter","root17",9,0.0224979633924929
"352","epidermis","cell_diameter","root17",10,0.0144331123497786
"353","epidermis","cell_diameter","root17",11,0.0188575162926976
"354","epidermis","cell_diameter","root17",12,0.0177753786710495
"355","epidermis","cell_diameter","root17",13,0.0162885583645719
"356","epidermis","cell_diameter","root17",14,0.0158077601571839
"357","epidermis","cell_diameter","root17",15,0.0126566679462556
"358","epidermis","cell_diameter","root17",16,0.0260560045068703
"359","epidermis","cell_diameter","root17",17,0.0181553438513747
"360","epidermis","cell_diameter","root17",18,0.0211841287555656
"361","epidermis","cell_diameter","root17",19,0.0200647169813754
"362","epidermis","cell_diameter","root17",20,0.018403136563723
"363","epidermis","cell_diameter","root17",21,0.0157595384158402
"364","epidermis","cell_diameter","root17",22,0.0211807840028191
"365","epidermis","cell_diameter","root17",23,0.0169010102863337
"366","epidermis","cell_diameter","root17",24,0.0125467753692907
"367","epidermis","cell_diameter","root17",25,0.0184458807979866
"368","epidermis","cell_diameter","root17",26,0.0245555029768163
"369","epidermis","cell_diameter","root17",27,0.0230086356863053
"370","epidermis","cell_diameter","root17",28,0.00732782120165429
"371","epidermis","cell_diameter","root17",29,0.0111575529093076
"372","epidermis","cell_diameter","root17",30,0.0145637804577954
"373","epidermis","n_layers","root17",0,1
"374","epidermis","n_layers","root17",1,1
"375","epidermis","n_layers","root17",2,1
"376","epidermis","n_layers","root17",3,1
"377","epidermis","n_layers","root17",4,1
"378","epidermis","n_layers","root17",5,1
"379","epidermis","n_layers","root17",6,1
"380","epidermis","n_layers","root17",7,1
"381","epidermis","n_layers","root17",8,1
"382","epidermis","n_layers","root17",9,1
"383","epidermis","n_layers","root17",10,1
"384","epidermis","n_layers","root17",11,1
"385","epidermis","n_layers","root17",12,1
"386","epidermis","n_layers","root17",13,1
"387","epidermis","n_layers","root17",14,1
"388","epidermis","n_layers","root17",15,1
"389","epidermis","n_layers","root17",16,1
"390","epidermis","n_layers","root17",17,1
"391","epidermis","n_layers","root17",18,1
"392","epidermis","n_layers","root17",19,1
"393","epidermis","n_layers","root17",20,1
"394","epidermis","n_layers","root17",21,1
"395","epidermis","n_layers","root17",22,1
"396","epidermis","n_layers","root17",23,1
"397","epidermis","n_layers","root17",24,1
"398","epidermis","n_layers","root17",25,1
"399","epidermis","n_layers","root17",26,1
"400","epidermis","n_layers","root17",27,1
"401","epidermis","n_layers","root17",28,1
"402","epidermis","n_layers","root17",29,1
"403","epidermis","n_layers","root17",30,1
"404","pericycle","cell_diameter","root17",0,0.0143699616171898
"405","pericycle","cell_diameter","root17",1,0.0119896441230512
"406","pericycle","cell_diameter","root17",2,0.0203064287080623
"407","pericycle","cell_diameter","root17",3,0.0138171100577009
"408","pericycle","cell_diameter","root17",4,0.0130511488491421
"409","pericycle","cell_diameter","root17",5,0.0168086061641335
"410","pericycle","cell_diameter","root17",6,0.0130193431351384
"411","pericycle","cell_diameter","root17",7,0.0122632590471035
"412","pericycle","cell_diameter","root17",8,0.00861964259104981
"413","pericycle","cell_diameter","root17",9,0.0118877497240327
"414","pericycle","cell_diameter","root17",10,0.0148108019915857
"415","pericycle","cell_diameter","root17",11,0.0162016939162748
"416","pericycle","cell_diameter","root17",12,0.0130617229330967
"417","pericycle","cell_diameter","root17",13,0.0115373208486429
"418","pericycle","cell_diameter","root17",14,0.0138718598499912
"419","pericycle","cell_diameter","root17",15,0.0161184535969112
"420","pericycle","cell_diameter","root17",16,0.0177385900427587
"421","pericycle","cell_diameter","root17",17,0.0159345454486954
"422","pericycle","cell_diameter","root17",18,0.0138324018088826
"423","pericycle","cell_diameter","root17",19,0.0119091325015293
"424","pericycle","cell_diameter","root17",20,0.0184819755839785
"425","pericycle","cell_diameter","root17",21,0.0131266739345909
"426","pericycle","cell_diameter","root17",22,0.011972398124331
"427","pericycle","cell_diameter","root17",23,0.0184180425575225
"428","pericycle","cell_diameter","root17",24,0.0143455972518266
"429","pericycle","cell_diameter","root17",25,0.0152684460754547
"430","pericycle","cell_diameter","root17",26,0.013853827733939
"431","pericycle","cell_diameter","root17",27,0.0113383746209339
"432","pericycle","cell_diameter","root17",28,0.0156444417474392
"433","pericycle","cell_diameter","root17",29,0.014030583460802
"434","pericycle","cell_diameter","root17",30,0.0186150091161693
"435","pericycle","n_layers","root17",0,1
"436","pericycle","n_layers","root17",1,1
"437","pericycle","n_layers","root17",2,1
"438","pericycle","n_layers","root17",3,1
"439","pericycle","n_layers","root17",4,1
"440","pericycle","n_layers","root17",5,1
"441","pericycle","n_layers","root17",6,1
"442","pericycle","n_layers","root17",7,1
"443","pericycle","n_layers","root17",8,1
"444","pericycle","n_layers","root17",9,1
"445","pericycle","n_layers","root17",10,1
"446","pericycle","n_layers","root17",11,1
"447","pericycle","n_layers","root17",12,1
"448","pericycle","n_layers","root17",13,1
"449","pericycle","n_layers","root17",14,1
"450","pericycle","n_layers","root17",15,1
"451","pericycle","n_layers","root17",16,1
"452","pericycle","n_layers","root17",17,1
"453","pericycle","n_layers","root17",18,1
"454","pericycle","n_layers","root17",19,1
"455","pericycle","n_layers","root17",20,1
"456","pericycle","n_layers","root17",21,1
"457","pericycle","n_layers","root17",22,1
"458","pericycle","n_layers","root17",23,1
"459","pericycle","n_layers","root17",24,1
"460","pericycle","n_layers","root17",25,1
"461","pericycle","n_layers","root17",26,1
"462","pericycle","n_layers","root17",27,1
"463","pericycle","n_layers","root17",28,1
"464","pericycle","n_layers","root17",29,1
"465","pericycle","n_layers","root17",30,1
"466","stele","n_layers","root17",0,3
"467","stele","n_layers","root17",1,6
"468","stele","n_layers","root17",2,5
"469","stele","n_layers","root17",3,9
"470","stele","n_layers","root17",4,6
"471","stele","n_layers","root17",5,3
"472","stele","n_layers","root17",6,2
"473","stele","n_layers","root17",7,9
"474","stele","n_layers","root17",8,4
"475","stele","n_layers","root17",9,6
"476","stele","n_layers","root17",10,9
"477","stele","n_layers","root17",11,4
"478","stele","n_layers","root17",12,7
"479","stele","n_layers","root17",13,5
"480","stele","n_layers","root17",14,8
"481","stele","n_layers","root17",15,3
"482","stele","n_layers","root17",16,11
"483","stele","n_layers","root17",17,9
"484","stele","n_layers","root17",18,8
"485","stele","n_layers","root17",19,10
"486","stele","n_layers","root17",20,9
"487","stele","n_layers","root17",21,9
"488","stele","n_layers","root17",22,9
"489","stele","n_layers","root17",23,6
"490","stele","n_layers","root17",24,10
"491","stele","n_layers","root17",25,9
"492","stele","n_layers","root17",26,11
"493","stele","n_layers","root17",27,4
"494","stele","n_layers","root17",28,6
"495","stele","n_layers","root17",29,14
"496","stele","n_layers","root17",30,11
"497","stele","layer_diameter","root17",0,0.103527522019211
"498","stele","layer_diameter","root17",1,0.149473906408055
"499","stele","layer_diameter","root17",2,0.09279099311968
"500","stele","layer_diameter","root17",3,0.15111597979006
"501","stele","layer_diameter","root17",4,0.150304087721522
"502","stele","layer_diameter","root17",5,0.148301931328191
"503","stele","layer_diameter","root17",6,0.174669839894262
"504","stele","layer_diameter","root17",7,0.154280667779344
"505","stele","layer_diameter","root17",8,0.153075853819164
"506","stele","layer_diameter","root17",9,0.135209171556479
"507","stele","layer_diameter","root17",10,0.108959425552774
"508","stele","layer_diameter","root17",11,0.11829743477522
"509","stele","layer_diameter","root17",12,0.159795171523892
"510","stele","layer_diameter","root17",13,0.157927455536964
"511","stele","layer_diameter","root17",14,0.177595700843208
"512","stele","layer_diameter","root17",15,0.185673608727432
"513","stele","layer_diameter","root17",16,0.177443278600202
"514","stele","layer_diameter","root17",17,0.111167625928804
"515","stele","layer_diameter","root17",18,0.131995644910459
"516","stele","layer_diameter","root17",19,0.135100654764478
"517","stele","layer_diameter","root17",20,0.186399183490862
"518","stele","layer_diameter","root17",21,0.205281662925772
"519","stele","layer_diameter","root17",22,0.194490212025969
"520","stele","layer_diameter","root17",23,0.221546283145554
"521","stele","layer_diameter","root17",24,0.199152340184209
"522","stele","layer_diameter","root17",25,0.217888364085476
"523","stele","layer_diameter","root17",26,0.356938378823711
"524","stele","layer_diameter","root17",27,0.477091770073608
"525","stele","layer_diameter","root17",28,0.434063648870745
"526","stele","layer_diameter","root17",29,0.555598743390731
"527","stele","layer_diameter","root17",30,1.16786363305994
"528","cortex","n_layers","root17",0,3
"529","cortex","n_layers","root17",1,3
"530","cortex","n_layers","root17",2,3
"531","cortex","n_layers","root17",3,3
"532","cortex","n_layers","root17",4,3
"533","cortex","n_layers","root17",5,3
"534","cortex","n_layers","root17",6,3
"535","cortex","n_layers","root17",7,2
"536","cortex","n_layers","root17",8,3
"537","cortex","n_layers","root17",9,3
"538","cortex","n_layers","root17",10,3
"539","cortex","n_layers","root17",11,4
"540","cortex","n_layers","root17",12,3
"541","cortex","n_layers","root17",13,4
"542","cortex","n_layers","root17",14,2
"543","cortex","n_layers","root17",15,3
"544","cortex","n_layers","root17",16,4
"545","cortex","n_layers","root17",17,3
"546","cortex","n_layers","root17",18,2
"547","cortex","n_layers","root17",19,2
"548","cortex","n_layers","root17",20,3
"549","cortex","n_layers","root17",21,3
"550","cortex","n_layers","root17",22,3
"551","cortex","n_layers","root17",23,3
"552","cortex","n_layers","root17",24,2
"553","cortex","n_layers","root17",25,2
"554","cortex","n_layers","root17",26,2
"555","cortex","n_layers","root17",27,2
"556","cortex","n_layers","root17",28,3
"557","cortex","n_layers","root17",29,2
"558","cortex","n_layers","root17",30,2
"559","phloem","n_layers","root17",0,0
"560","phloem","n_layers","root17",1,0
"561","phloem","n_layers","root17",2,0
"562","phloem","n_layers","root17",3,0
"563","phloem","n_layers","root17",4,0
"564","phloem","n_layers","root17",5,0
"565","phloem","n_layers","root17",6,0
"566","phloem","n_layers","root17",7,0
"567","phloem","n_layers","root17",8,1
"568","phloem","n_layers","root17",9,1
"569","phloem","n_layers","root17",10,1
"570","phloem","n_layers","root17",11,1
"571","phloem","n_layers","root17",12,1
"572","phloem","n_layers","root17",13,1
"573","phloem","n_layers","root17",14,1
"574","phloem","n_layers","root17",15,1
"575","phloem","n_layers","root17",16,1
"576","phloem","n_layers","root17",17,1
"577","phloem","n_layers","root17",18,2
"578","phloem","n_layers","root17",19,1
"579","phloem","n_layers","root17",20,2
"580","phloem","n_layers","root17",21,1
"581","phloem","n_layers","root17",22,2
"582","phloem","n_layers","root17",23,2
"583","phloem","n_layers","root17",24,4
"584","phloem","n_layers","root17",25,3
"585","phloem","n_layers","root17",26,3
"586","phloem","n_layers","root17",27,3
"587","phloem","n_layers","root17",28,7
"588","phloem","n_layers","root17",29,3
"589","phloem","n_layers","root17",30,2
"590","phloem","proportion","root17",0,0
"591","phloem","proportion","root17",1,0
"592","phloem","proportion","root17",2,0
"593","phloem","proportion","root17",3,0
"594","phloem","proportion","root17",4,0
"595","phloem","proportion","root17",5,0
"596","phloem","proportion","root17",6,0
"597","phloem","proportion","root17",7,0
"598","phloem","proportion","root17",8,0.0688788683921143
"599","phloem","proportion","root17",9,0.170033996782773
"600","phloem","proportion","root17",10,0.166553317418188
"601","phloem","proportion","root17",11,0.146942961476449
"602","phloem","proportion","root17",12,0.16610071116851
"603","phloem","proportion","root17",13,0.0641659055519402
"604","phloem","proportion","root17",14,0.183423886379091
"605","phloem","proportion","root17",15,0.145119982335826
"606","phloem","proportion","root17",16,0.139013971650208
"607","phloem","proportion","root17",17,0.13226004053452
"608","phloem","proportion","root17",18,0.118089579228842
"609","phloem","proportion","root17",19,0.176745363287643
"610","phloem","proportion","root17",20,0.179004725716379
"611","phloem","proportion","root17",21,0.217537690292467
"612","phloem","proportion","root17",22,0.168091757878919
"613","phloem","proportion","root17",23,0.198087107321341
"614","phloem","proportion","root17",24,0.176660455522644
"615","phloem","proportion","root17",25,0.205342624050101
"616","phloem","proportion","root17",26,0.184582893263797
"617","phloem","proportion","root17",27,0.149166221697297
"618","phloem","proportion","root17",28,0.170521198185279
"619","phloem","proportion","root17",29,0.173535109587154
"620","phloem","proportion","root17",30,0.184322998404827
"621","phloem","cell_diameter","root17",0,0.00970646523169695
"622","phloem","cell_diameter","root17",1,0.00654138683677802
"623","phloem","cell_diameter","root17",2,0.0117637529071541
"624","phloem","cell_diameter","root17",3,0.00970780699414504
"625","phloem","cell_diameter","root17",4,0.00761428664131557
"626","phloem","cell_diameter","root17",5,0.00655895239658363
"627","phloem","cell_diameter","root17",6,0.00870858854395345
"628","phloem","cell_diameter","root17",7,0.00705185495327772
"629","phloem","cell_diameter","root17",8,0.00981622517120777
"630","phloem","cell_diameter","root17",9,0.00607405214468152
"631","phloem","cell_diameter","root17",10,0.00817358957807748
"632","phloem","cell_diameter","root17",11,0.00871622174969613
"633","phloem","cell_diameter","root17",12,0.0117522638904614
"634","phloem","cell_diameter","root17",13,0.00602886923231104
"635","phloem","cell_diameter","root17",14,0.00474460164671131
"636","phloem","cell_diameter","root17",15,0.00913804031593225
"637","phloem","cell_diameter","root17",16,0.0108537301363602
"638","phloem","cell_diameter","root17",17,0.00670887130330888
"639","phloem","cell_diameter","root17",18,0.00409140777206912
"640","phloem","cell_diameter","root17",19,0.00876318807627491
"641","phloem","cell_diameter","root17",20,0.00687277409957754
"642","phloem","cell_diameter","root17",21,0.00938719783909347
"643","phloem","cell_diameter","root17",22,0.00669366359255732
"644","phloem","cell_diameter","root17",23,0.00641545030412971
"645","phloem","cell_diameter","root17",24,0.00945209452731209
"646","phloem","cell_diameter","root17",25,0.011893546812454
"647","phloem","cell_diameter","root17",26,0.00936507776809789
"648","phloem","cell_diameter","root17",27,0.00852031332447512
"649","phloem","cell_diameter","root17",28,0.00943436616246473
"650","phloem","cell_diameter","root17",29,0.00548446950537439
"651","phloem","cell_diameter","root17",30,0.00828735967522852
