"tpot","Krs","Krs_exact","RSHA_id","RSA_id","age"
1.16180476816273,7.9034337970254e-05,7.90343379702541e-05,"Tomato_30_1_1_2","Tomato_30_1",1
1.35852212812529,9.24164713010403e-05,9.2416471301041e-05,"Tomato_30_1_1.25_2","Tomato_30_1",1.25
1.77642015553659,0.000120844908539904,0.000121280715056801,"Tomato_30_1_1.5_2","Tomato_30_1",1.5
1.93352425410196,0.000131532262183807,0.000132189765059942,"Tomato_30_1_1.75_2","Tomato_30_1",1.75
2.32156396557758,0.000157929521467862,0.000159230183643443,"Tomato_30_1_2_2","Tomato_30_1",2
2.69907651773592,0.000183610647465028,0.000185660380966087,"Tomato_30_1_2.25_2","Tomato_30_1",2.25
2.89574017649401,0.000196989127652653,0.000199480523294387,"Tomato_30_1_2.5_2","Tomato_30_1",2.5
3.2762908329711,0.000222876927413,0.000226325985515452,"Tomato_30_1_2.75_2","Tomato_30_1",2.75
3.48321298066909,0.000236953263991095,0.000240979812861797,"Tomato_30_1_3_2","Tomato_30_1",3
3.6793369092739,0.000250295027841762,0.000254903879124672,"Tomato_30_1_3.25_2","Tomato_30_1",3.25
4.07883983225395,0.000277472097432241,0.000283393036835262,"Tomato_30_1_3.5_2","Tomato_30_1",3.5
4.27910646368159,0.000291095677801468,0.000297733094486107,"Tomato_30_1_3.75_2","Tomato_30_1",3.75
4.68930774259489,0.000319000526707136,0.000327227412126352,"Tomato_30_1_4_2","Tomato_30_1",4
4.88468384960296,0.000332291418340337,0.000341333049601672,"Tomato_30_1_4.25_2","Tomato_30_1",4.25
5.08812256084603,0.000346130786452111,0.000356081546379498,"Tomato_30_1_4.5_2","Tomato_30_1",4.5
5.45161922053706,0.000370858450376671,0.000382535030812698,"Tomato_30_1_4.75_2","Tomato_30_1",4.75
5.64676915646669,0.000384133956222224,0.00039678954011783,"Tomato_30_1_5_2","Tomato_30_1",5
6.05478135687743,0.000411889888222955,0.000426723404445147,"Tomato_30_1_5.25_2","Tomato_30_1",5.25
6.24117711040175,0.000424569871455902,0.000440480251321423,"Tomato_30_1_5.5_2","Tomato_30_1",5.5
6.43619396184354,0.000437836323934935,0.000454908909431111,"Tomato_30_1_5.75_2","Tomato_30_1",5.75
6.80877736919513,0.000463182133958852,0.000482570810177749,"Tomato_30_1_6_2","Tomato_30_1",6
7.0076668897916,0.000476712033319157,0.000497388822286667,"Tomato_30_1_6.25_2","Tomato_30_1",6.25
7.3983692597144,0.000503290425830912,0.00052670298170998,"Tomato_30_1_6.5_2","Tomato_30_1",6.5
7.61068022648983,0.000517733348740805,0.000542693865125346,"Tomato_30_1_6.75_2","Tomato_30_1",6.75
7.80520847695602,0.000530966563058232,0.000557378796481245,"Tomato_30_1_7_2","Tomato_30_1",7
8.17788545346238,0.000556318738330774,0.000585633724749492,"Tomato_30_1_7.25_2","Tomato_30_1",7.25
8.37420283705532,0.000569673662384716,0.000600621667258295,"Tomato_30_1_7.5_2","Tomato_30_1",7.5
8.57116826529421,0.00058307267110845,0.000615685678221724,"Tomato_30_1_7.75_2","Tomato_30_1",7.75
8.94019498220205,0.0006081765294015,0.000643987955887356,"Tomato_30_1_8_2","Tomato_30_1",8
9.13749328049747,0.000621598182346767,0.0006591675040124,"Tomato_30_1_8.25_2","Tomato_30_1",8.25
9.30003314683663,0.000632655316111335,0.00067176644023061,"Tomato_30_1_8.5_2","Tomato_30_1",8.5
9.68576634423376,0.000658895669675766,0.000701731157939838,"Tomato_30_1_8.75_2","Tomato_30_1",8.75
9.88461758580769,0.000672422965020932,0.000717213243795661,"Tomato_30_1_9_2","Tomato_30_1",9
10.3065842770231,0.000701128182110412,0.000747622756638638,"Tomato_30_1_9.25_2","Tomato_30_1",9.25
11.1126997023493,0.000755965966146212,0.000803083225228761,"Tomato_30_1_9.5_2","Tomato_30_1",9.5
12.5298309040487,0.000852369449255017,0.000895128540388895,"Tomato_30_1_9.75_2","Tomato_30_1",9.75
13.8902292596706,0.000944913555079632,0.000983668319954114,"Tomato_30_1_10_2","Tomato_30_1",10
15.4880007332446,0.00105360549205745,0.00108279160387524,"Tomato_30_1_10.25_2","Tomato_30_1",10.25
17.4674644332577,0.00118826288661617,0.00120135055910162,"Tomato_30_1_10.5_2","Tomato_30_1",10.5
19.8043348396423,0.0013472336625607,0.0013347212215835,"Tomato_30_1_10.75_2","Tomato_30_1",10.75
22.1322338698701,0.00150559414080749,0.00145955022329602,"Tomato_30_1_11_2","Tomato_30_1",11
25.2157973872666,0.00171536036648072,0.00161265403724565,"Tomato_30_1_11.25_2","Tomato_30_1",11.25
27.8847588223278,0.00189692236886584,0.00173594515631608,"Tomato_30_1_11.5_2","Tomato_30_1",11.5
30.9478547761514,0.0021052962432756,0.0018664463276519,"Tomato_30_1_11.75_2","Tomato_30_1",11.75
34.6680611583735,0.00235837150737235,0.00200726478072382,"Tomato_30_1_12_2","Tomato_30_1",12
38.0278751948179,0.00258693028536176,0.00212203395216341,"Tomato_30_1_12.25_2","Tomato_30_1",12.25
42.0767967128042,0.00286236712332001,0.00224761392681884,"Tomato_30_1_12.5_2","Tomato_30_1",12.5
45.7116503796208,0.00310963608024631,0.0023469947421061,"Tomato_30_1_12.75_2","Tomato_30_1",12.75
49.8988852101897,0.00339448198708773,0.00244979011012305,"Tomato_30_1_13_2","Tomato_30_1",13
54.0278174032935,0.00367536172811521,0.00254534187251062,"Tomato_30_1_13.25_2","Tomato_30_1",13.25
58.4504311274539,0.0039762198045887,0.00263716029177392,"Tomato_30_1_13.5_2","Tomato_30_1",13.5
63.1642911704447,0.00429689055581256,0.00272348812396751,"Tomato_30_1_13.75_2","Tomato_30_1",13.75
67.678555035692,0.00460398333576136,0.00279907424371889,"Tomato_30_1_14_2","Tomato_30_1",14
72.8362185173556,0.00495484479709902,0.00287801945255178,"Tomato_30_1_14.25_2","Tomato_30_1",14.25
77.7563397935949,0.00528954692473435,0.00295297997967287,"Tomato_30_1_14.5_2","Tomato_30_1",14.5
82.9782088473792,0.00564477611206662,0.00302571614441917,"Tomato_30_1_14.75_2","Tomato_30_1",14.75
88.1338608614527,0.00599550073887433,0.00309346550972261,"Tomato_30_1_15_2","Tomato_30_1",15
93.259970257203,0.0063442156637553,0.00316112306324429,"Tomato_30_1_15.25_2","Tomato_30_1",15.25
98.2216352168729,0.00668174389230428,0.00323024593427112,"Tomato_30_1_15.5_2","Tomato_30_1",15.5
103.565689814838,0.00704528502141754,0.00329627127030279,"Tomato_30_1_15.75_2","Tomato_30_1",15.75
109.595232038705,0.00745545796181665,0.00336265594547767,"Tomato_30_1_16_2","Tomato_30_1",16
115.203847567395,0.00783699643315611,0.00343087579632685,"Tomato_30_1_16.25_2","Tomato_30_1",16.25
120.760096325552,0.00821497253915318,0.00350057468450427,"Tomato_30_1_16.5_2","Tomato_30_1",16.5
126.573287308728,0.00861042770807673,0.00357206849768363,"Tomato_30_1_16.75_2","Tomato_30_1",16.75
132.512834460142,0.00901447853470353,0.00364002374639964,"Tomato_30_1_17_2","Tomato_30_1",17
138.104202470533,0.00939484370547844,0.00370567012521396,"Tomato_30_1_17.25_2","Tomato_30_1",17.25
144.432898447191,0.00982536724130551,0.00378414799853887,"Tomato_30_1_17.5_2","Tomato_30_1",17.5
150.206192971707,0.0102181083654222,0.00385679767225216,"Tomato_30_1_17.75_2","Tomato_30_1",17.75
156.576545034858,0.0106514656486298,0.00392863404268262,"Tomato_30_1_18_2","Tomato_30_1",18
162.348862892798,0.0110441403328434,0.00399680132086095,"Tomato_30_1_18.25_2","Tomato_30_1",18.25
168.472727174084,0.0114607297397336,0.0040774860799512,"Tomato_30_1_18.5_2","Tomato_30_1",18.5
175.48754858196,0.0119379284749633,0.00416026583346191,"Tomato_30_1_18.75_2","Tomato_30_1",18.75
181.644570717932,0.0123567735182267,0.00423739472773779,"Tomato_30_1_19_2","Tomato_30_1",19
187.911660229013,0.0127831061380281,0.00431704062724539,"Tomato_30_1_19.25_2","Tomato_30_1",19.25
194.694097059644,0.0132444963986153,0.00440073622242125,"Tomato_30_1_19.5_2","Tomato_30_1",19.5
200.729558717951,0.0136550720216293,0.00447594236655498,"Tomato_30_1_19.75_2","Tomato_30_1",19.75
207.838066698679,0.0141386439931074,0.00456576742999223,"Tomato_30_1_20_2","Tomato_30_1",20
214.364622880438,0.0145826274068325,0.00465131912333303,"Tomato_30_1_20.25_2","Tomato_30_1",20.25
221.72146376703,0.0150830927732673,0.00474107908885533,"Tomato_30_1_20.5_2","Tomato_30_1",20.5
228.4544555513,0.0155411194252585,0.00483510998969733,"Tomato_30_1_20.75_2","Tomato_30_1",20.75
235.451066745783,0.0160170793704614,0.00506439177034501,"Tomato_30_1_21_2","Tomato_30_1",21
242.777965526019,0.0165155078589129,0.00532246748976156,"Tomato_30_1_21.25_2","Tomato_30_1",21.25
250.386694935715,0.0170331084990283,0.00559595609253789,"Tomato_30_1_21.5_2","Tomato_30_1",21.5
257.76435854293,0.0175349903770701,0.00588273153244718,"Tomato_30_1_21.75_2","Tomato_30_1",21.75
265.6147055444,0.0180690275880544,0.00617576805659749,"Tomato_30_1_22_2","Tomato_30_1",22
274.116460271553,0.0186473782497655,0.00648536834840197,"Tomato_30_1_22.25_2","Tomato_30_1",22.25
282.123872401758,0.0191921001633849,0.00682125158703284,"Tomato_30_1_22.5_2","Tomato_30_1",22.5
290.863912009179,0.0197866606808965,0.00715611269869705,"Tomato_30_1_22.75_2","Tomato_30_1",22.75
299.889240349204,0.0204006285951839,0.00752102337632274,"Tomato_30_1_23_2","Tomato_30_1",23
308.594960553052,0.0209928544593913,0.00789274908819357,"Tomato_30_1_23.25_2","Tomato_30_1",23.25
317.556150786028,0.0216024592371447,0.00828928540205321,"Tomato_30_1_23.5_2","Tomato_30_1",23.5
327.048728212587,0.0222482128035773,0.00873022016859671,"Tomato_30_1_23.75_2","Tomato_30_1",23.75
336.139707078173,0.0228666467400118,0.00916513374761592,"Tomato_30_1_24_2","Tomato_30_1",24
345.883140423286,0.0235294653349174,0.00960864434451038,"Tomato_30_1_24.25_2","Tomato_30_1",24.25
355.830959224656,0.0242061877023576,0.0101182381711976,"Tomato_30_1_24.5_2","Tomato_30_1",24.5
366.238535649414,0.0249141860985996,0.0106311620616306,"Tomato_30_1_24.75_2","Tomato_30_1",24.75
375.980202360473,0.0255768845143179,0.0111468031937707,"Tomato_30_1_25_2","Tomato_30_1",25
386.915070884986,0.0263207531214276,0.0117601290469088,"Tomato_30_1_25.25_2","Tomato_30_1",25.25
398.196451354077,0.0270881939696651,0.0125517767825093,"Tomato_30_1_25.5_2","Tomato_30_1",25.5
409.247729692091,0.0278399816117069,0.0133643168268366,"Tomato_30_1_25.75_2","Tomato_30_1",25.75
420.824239053441,0.0286274992553361,0.0141894249682761,"Tomato_30_1_26_2","Tomato_30_1",26
433.088030942852,0.0294617708124389,0.0152293740956114,"Tomato_30_1_26.25_2","Tomato_30_1",26.25
445.542440494624,0.0303090095574574,0.0168072106523443,"Tomato_30_1_26.5_2","Tomato_30_1",26.5
458.792971660037,0.0312104062353766,0.0182906955798929,"Tomato_30_1_26.75_2","Tomato_30_1",26.75
472.203461230275,0.0321226844374336,0.0197711776627915,"Tomato_30_1_27_2","Tomato_30_1",27
486.237610402829,0.0330773884627775,0.0215757518859101,"Tomato_30_1_27.25_2","Tomato_30_1",27.25
501.129661064819,0.0340904531336612,0.0240669664524105,"Tomato_30_1_27.5_2","Tomato_30_1",27.5
516.366810430975,0.0351269939068691,0.025873254672693,"Tomato_30_1_27.75_2","Tomato_30_1",27.75
530.471851892909,0.0360865205369326,0.0272038647622352,"Tomato_30_1_28_2","Tomato_30_1",28
546.013836890304,0.0371437984279118,0.0291338671280681,"Tomato_30_1_28.25_2","Tomato_30_1",28.25
562.17347559962,0.0382430935782054,0.0320336217392683,"Tomato_30_1_28.5_2","Tomato_30_1",28.5
577.06964154137,0.0392564382000932,0.0344134687897572,"Tomato_30_1_28.75_2","Tomato_30_1",28.75
592.962532727506,0.0403375872603746,0.0364541911048354,"Tomato_30_1_29_2","Tomato_30_1",29
608.424105374047,0.0413893949234045,0.0395522919360499,"Tomato_30_1_29.25_2","Tomato_30_1",29.25
623.794219196172,0.0424349808976988,0.0442840409754055,"Tomato_30_1_29.5_2","Tomato_30_1",29.5
640.079578987272,0.0435428285025355,0.0478305495201555,"Tomato_30_1_29.75_2","Tomato_30_1",29.75
658.577223187814,0.0448011716454295,0.0504802548278732,"Tomato_30_1_30_2","Tomato_30_1",30
