"CS_id","param_id","value"
"B04_B_To_C01_Z20_01","secondarygrowth_param",0
"B04_B_To_C01_Z20_01","randomness_param",2
"B04_B_To_C01_Z20_01","planttype_param",2
"B04_B_To_C01_Z20_01","aerenchyma_proportion",0
"B04_B_To_C01_Z20_01","aerenchyma_n_files",10
"B04_B_To_C01_Z20_01","xylem_n_files",2
"B04_B_To_C01_Z20_01","xylem_n_cells",6
"B04_B_To_C01_Z20_01","xylem_max_size",0.0233588932575891
"B04_B_To_C01_Z20_01","xylem_cell_diameter",0.0148167542476432
"B04_B_To_C01_Z20_01","xylem_order",1.5
"B04_B_To_C01_Z20_01","stele_cell_diameter",0.00616973996816802
"B04_B_To_C01_Z20_01","stele_SD",0.000597499925216829
"B04_B_To_C01_Z20_01","phloem_cell_diameter",0.005745
"B04_B_To_C01_Z20_01","phloem_order",1.5
"B04_B_To_C01_Z20_01","stele_order",1
"B04_B_To_C01_Z20_01","cortex_cell_diameter",0.019406
"B04_B_To_C01_Z20_01","cortex_order",4
"B04_B_To_C01_Z20_01","endodermis_cell_diameter",0.012696
"B04_B_To_C01_Z20_01","endodermis_n_layers",1
"B04_B_To_C01_Z20_01","endodermis_order",3
"B04_B_To_C01_Z20_01","exodermis_cell_diameter",0.023835375
"B04_B_To_C01_Z20_01","exodermis_n_layers",1
"B04_B_To_C01_Z20_01","exodermis_order",5
"B04_B_To_C01_Z20_01","epidermis_cell_diameter",0.014168
"B04_B_To_C01_Z20_01","epidermis_n_layers",1
"B04_B_To_C01_Z20_01","epidermis_order",6
"B04_B_To_C01_Z20_01","pericycle_cell_diameter",0.0117558181818182
"B04_B_To_C01_Z20_01","pericycle_order",2
"B04_B_To_C01_Z20_01","pericycle_n_layers",1
"B04_B_To_C01_Z20_01","stele_n_layers",9
"B04_B_To_C01_Z20_01","stele_layer_diameter",0.1162
"B04_B_To_C01_Z20_01","cortex_n_layers",3
"B04_B_To_C01_Z20_01","phloem_n_layers",0
"B04_B_To_C01_Z20_01","phloem_proportion",0
"B04_B_To_C03_Z20_01","secondarygrowth_param",0
"B04_B_To_C03_Z20_01","randomness_param",2
"B04_B_To_C03_Z20_01","planttype_param",2
"B04_B_To_C03_Z20_01","aerenchyma_proportion",0
"B04_B_To_C03_Z20_01","aerenchyma_n_files",10
"B04_B_To_C03_Z20_01","xylem_n_files",2
"B04_B_To_C03_Z20_01","xylem_n_cells",5
"B04_B_To_C03_Z20_01","xylem_max_size",0.0210280352989264
"B04_B_To_C03_Z20_01","xylem_cell_diameter",0.0145563799078058
"B04_B_To_C03_Z20_01","xylem_order",1.5
"B04_B_To_C03_Z20_01","stele_cell_diameter",0.00697128383047626
"B04_B_To_C03_Z20_01","stele_SD",0.000710507033578918
"B04_B_To_C03_Z20_01","phloem_cell_diameter",0.007
"B04_B_To_C03_Z20_01","phloem_order",1.5
"B04_B_To_C03_Z20_01","stele_order",1
"B04_B_To_C03_Z20_01","cortex_cell_diameter",0.0169855384615385
"B04_B_To_C03_Z20_01","cortex_order",4
"B04_B_To_C03_Z20_01","endodermis_cell_diameter",0.0124771818181818
"B04_B_To_C03_Z20_01","endodermis_n_layers",1
"B04_B_To_C03_Z20_01","endodermis_order",3
"B04_B_To_C03_Z20_01","exodermis_cell_diameter",0.0214234
"B04_B_To_C03_Z20_01","exodermis_n_layers",1
"B04_B_To_C03_Z20_01","exodermis_order",5
"B04_B_To_C03_Z20_01","epidermis_cell_diameter",0.0110465
"B04_B_To_C03_Z20_01","epidermis_n_layers",1
"B04_B_To_C03_Z20_01","epidermis_order",6
"B04_B_To_C03_Z20_01","pericycle_cell_diameter",0.0109402857142857
"B04_B_To_C03_Z20_01","pericycle_order",2
"B04_B_To_C03_Z20_01","pericycle_n_layers",1
"B04_B_To_C03_Z20_01","stele_n_layers",7
"B04_B_To_C03_Z20_01","stele_layer_diameter",0.1134
"B04_B_To_C03_Z20_01","cortex_n_layers",3
"B04_B_To_C03_Z20_01","phloem_n_layers",0
"B04_B_To_C03_Z20_01","phloem_proportion",0
"B04_B_To_C04_Z20_01","secondarygrowth_param",0
"B04_B_To_C04_Z20_01","randomness_param",2
"B04_B_To_C04_Z20_01","planttype_param",2
"B04_B_To_C04_Z20_01","aerenchyma_proportion",0
"B04_B_To_C04_Z20_01","aerenchyma_n_files",10
"B04_B_To_C04_Z20_01","xylem_n_files",2
"B04_B_To_C04_Z20_01","xylem_n_cells",4
"B04_B_To_C04_Z20_01","xylem_max_size",0.0229903482463245
"B04_B_To_C04_Z20_01","xylem_cell_diameter",0.0171039448393175
"B04_B_To_C04_Z20_01","xylem_order",1.5
"B04_B_To_C04_Z20_01","stele_cell_diameter",0.00726578496207466
"B04_B_To_C04_Z20_01","stele_SD",0.00105490168235709
"B04_B_To_C04_Z20_01","phloem_cell_diameter",0.00671625
"B04_B_To_C04_Z20_01","phloem_order",1.5
"B04_B_To_C04_Z20_01","stele_order",1
"B04_B_To_C04_Z20_01","cortex_cell_diameter",0.0182595555555556
"B04_B_To_C04_Z20_01","cortex_order",4
"B04_B_To_C04_Z20_01","endodermis_cell_diameter",0.0137832857142857
"B04_B_To_C04_Z20_01","endodermis_n_layers",1
"B04_B_To_C04_Z20_01","endodermis_order",3
"B04_B_To_C04_Z20_01","exodermis_cell_diameter",0.0215884285714286
"B04_B_To_C04_Z20_01","exodermis_n_layers",1
"B04_B_To_C04_Z20_01","exodermis_order",5
"B04_B_To_C04_Z20_01","epidermis_cell_diameter",0.0125784947384467
"B04_B_To_C04_Z20_01","epidermis_n_layers",1
"B04_B_To_C04_Z20_01","epidermis_order",6
"B04_B_To_C04_Z20_01","pericycle_cell_diameter",0.0119822
"B04_B_To_C04_Z20_01","pericycle_order",2
"B04_B_To_C04_Z20_01","pericycle_n_layers",1
"B04_B_To_C04_Z20_01","stele_n_layers",7
"B04_B_To_C04_Z20_01","stele_layer_diameter",0.1131
"B04_B_To_C04_Z20_01","cortex_n_layers",3
"B04_B_To_C04_Z20_01","phloem_n_layers",0
"B04_B_To_C04_Z20_01","phloem_proportion",0
"B05_A_To_C03_Z20_01","secondarygrowth_param",0
"B05_A_To_C03_Z20_01","randomness_param",2
"B05_A_To_C03_Z20_01","planttype_param",2
"B05_A_To_C03_Z20_01","aerenchyma_proportion",0
"B05_A_To_C03_Z20_01","aerenchyma_n_files",10
"B05_A_To_C03_Z20_01","xylem_n_files",2
"B05_A_To_C03_Z20_01","xylem_n_cells",4
"B05_A_To_C03_Z20_01","xylem_max_size",0.0177027552122218
"B05_A_To_C03_Z20_01","xylem_cell_diameter",0.0146512441879742
"B05_A_To_C03_Z20_01","xylem_order",1.5
"B05_A_To_C03_Z20_01","stele_cell_diameter",0.00749435256159022
"B05_A_To_C03_Z20_01","stele_SD",0.00101202505145012
"B05_A_To_C03_Z20_01","phloem_cell_diameter",0.0108494285714286
"B05_A_To_C03_Z20_01","phloem_order",1.5
"B05_A_To_C03_Z20_01","stele_order",1
"B05_A_To_C03_Z20_01","cortex_cell_diameter",0.0236728333333333
"B05_A_To_C03_Z20_01","cortex_order",4
"B05_A_To_C03_Z20_01","endodermis_cell_diameter",0.0169963076923077
"B05_A_To_C03_Z20_01","endodermis_n_layers",1
"B05_A_To_C03_Z20_01","endodermis_order",3
"B05_A_To_C03_Z20_01","exodermis_cell_diameter",0.02555
"B05_A_To_C03_Z20_01","exodermis_n_layers",1
"B05_A_To_C03_Z20_01","exodermis_order",5
"B05_A_To_C03_Z20_01","epidermis_cell_diameter",0.017413
"B05_A_To_C03_Z20_01","epidermis_n_layers",1
"B05_A_To_C03_Z20_01","epidermis_order",6
"B05_A_To_C03_Z20_01","pericycle_cell_diameter",0.0154034666666667
"B05_A_To_C03_Z20_01","pericycle_order",2
"B05_A_To_C03_Z20_01","pericycle_n_layers",1
"B05_A_To_C03_Z20_01","stele_n_layers",5
"B05_A_To_C03_Z20_01","stele_layer_diameter",0.12576
"B05_A_To_C03_Z20_01","cortex_n_layers",3
"B05_A_To_C03_Z20_01","phloem_n_layers",0
"B05_A_To_C03_Z20_01","phloem_proportion",0
"B05_B_To_C01_Z20_01","secondarygrowth_param",0
"B05_B_To_C01_Z20_01","randomness_param",2
"B05_B_To_C01_Z20_01","planttype_param",2
"B05_B_To_C01_Z20_01","aerenchyma_proportion",0
"B05_B_To_C01_Z20_01","aerenchyma_n_files",10
"B05_B_To_C01_Z20_01","xylem_n_files",2
"B05_B_To_C01_Z20_01","xylem_n_cells",6
"B05_B_To_C01_Z20_01","xylem_max_size",0.023994260660865
"B05_B_To_C01_Z20_01","xylem_cell_diameter",0.0182768574827478
"B05_B_To_C01_Z20_01","xylem_order",1.5
"B05_B_To_C01_Z20_01","stele_cell_diameter",0.00906928159770313
"B05_B_To_C01_Z20_01","stele_SD",0.00138009981093563
"B05_B_To_C01_Z20_01","phloem_cell_diameter",0.0105286666666667
"B05_B_To_C01_Z20_01","phloem_order",1.5
"B05_B_To_C01_Z20_01","stele_order",1
"B05_B_To_C01_Z20_01","cortex_cell_diameter",0.0250015238095238
"B05_B_To_C01_Z20_01","cortex_order",4
"B05_B_To_C01_Z20_01","endodermis_cell_diameter",0.0166885714285714
"B05_B_To_C01_Z20_01","endodermis_n_layers",1
"B05_B_To_C01_Z20_01","endodermis_order",3
"B05_B_To_C01_Z20_01","exodermis_cell_diameter",0.0311984
"B05_B_To_C01_Z20_01","exodermis_n_layers",1
"B05_B_To_C01_Z20_01","exodermis_order",5
"B05_B_To_C01_Z20_01","epidermis_cell_diameter",0.0163771666666667
"B05_B_To_C01_Z20_01","epidermis_n_layers",1
"B05_B_To_C01_Z20_01","epidermis_order",6
"B05_B_To_C01_Z20_01","pericycle_cell_diameter",0.0149964285714286
"B05_B_To_C01_Z20_01","pericycle_order",2
"B05_B_To_C01_Z20_01","pericycle_n_layers",1
"B05_B_To_C01_Z20_01","stele_n_layers",5
"B05_B_To_C01_Z20_01","stele_layer_diameter",0.1452
"B05_B_To_C01_Z20_01","cortex_n_layers",3
"B05_B_To_C01_Z20_01","phloem_n_layers",0
"B05_B_To_C01_Z20_01","phloem_proportion",0
"B05_C_To_C01_Z20_01","secondarygrowth_param",0
"B05_C_To_C01_Z20_01","randomness_param",2
"B05_C_To_C01_Z20_01","planttype_param",2
"B05_C_To_C01_Z20_01","aerenchyma_proportion",0
"B05_C_To_C01_Z20_01","aerenchyma_n_files",10
"B05_C_To_C01_Z20_01","xylem_n_files",2
"B05_C_To_C01_Z20_01","xylem_n_cells",6
"B05_C_To_C01_Z20_01","xylem_max_size",0.0220882347567201
"B05_C_To_C01_Z20_01","xylem_cell_diameter",0.0170862093143341
"B05_C_To_C01_Z20_01","xylem_order",1.5
"B05_C_To_C01_Z20_01","stele_cell_diameter",0.00808694699817415
"B05_C_To_C01_Z20_01","stele_SD",0.00152706616173413
"B05_C_To_C01_Z20_01","phloem_cell_diameter",0.00487510992266751
"B05_C_To_C01_Z20_01","phloem_order",1.5
"B05_C_To_C01_Z20_01","stele_order",1
"B05_C_To_C01_Z20_01","cortex_cell_diameter",0.0195481
"B05_C_To_C01_Z20_01","cortex_order",4
"B05_C_To_C01_Z20_01","endodermis_cell_diameter",0.012809
"B05_C_To_C01_Z20_01","endodermis_n_layers",1
"B05_C_To_C01_Z20_01","endodermis_order",3
"B05_C_To_C01_Z20_01","exodermis_cell_diameter",0.023663
"B05_C_To_C01_Z20_01","exodermis_n_layers",1
"B05_C_To_C01_Z20_01","exodermis_order",5
"B05_C_To_C01_Z20_01","epidermis_cell_diameter",0.0139765
"B05_C_To_C01_Z20_01","epidermis_n_layers",1
"B05_C_To_C01_Z20_01","epidermis_order",6
"B05_C_To_C01_Z20_01","pericycle_cell_diameter",0.0125043571428571
"B05_C_To_C01_Z20_01","pericycle_order",2
"B05_C_To_C01_Z20_01","pericycle_n_layers",1
"B05_C_To_C01_Z20_01","stele_n_layers",3
"B05_C_To_C01_Z20_01","stele_layer_diameter",0.13526
"B05_C_To_C01_Z20_01","cortex_n_layers",3
"B05_C_To_C01_Z20_01","phloem_n_layers",0
"B05_C_To_C01_Z20_01","phloem_proportion",0
"B05_D_To_C03_Z20_01","secondarygrowth_param",1
"B05_D_To_C03_Z20_01","randomness_param",2
"B05_D_To_C03_Z20_01","planttype_param",2
"B05_D_To_C03_Z20_01","aerenchyma_proportion",0
"B05_D_To_C03_Z20_01","aerenchyma_n_files",10
"B05_D_To_C03_Z20_01","xylem_n_files",2
"B05_D_To_C03_Z20_01","xylem_n_cells",7
"B05_D_To_C03_Z20_01","xylem_max_size",0.0531347267975415
"B05_D_To_C03_Z20_01","xylem_cell_diameter",0.0260943803449274
"B05_D_To_C03_Z20_01","xylem_order",1.5
"B05_D_To_C03_Z20_01","stele_cell_diameter",0.00747008783335208
"B05_D_To_C03_Z20_01","stele_SD",0.0004351002105055
"B05_D_To_C03_Z20_01","phloem_cell_diameter",0.00747019799177171
"B05_D_To_C03_Z20_01","phloem_order",1.5
"B05_D_To_C03_Z20_01","stele_order",1
"B05_D_To_C03_Z20_01","cortex_cell_diameter",0.0211655
"B05_D_To_C03_Z20_01","cortex_order",4
"B05_D_To_C03_Z20_01","endodermis_cell_diameter",0.0129880833333333
"B05_D_To_C03_Z20_01","endodermis_n_layers",1
"B05_D_To_C03_Z20_01","endodermis_order",3
"B05_D_To_C03_Z20_01","exodermis_cell_diameter",0.0263024615384615
"B05_D_To_C03_Z20_01","exodermis_n_layers",1
"B05_D_To_C03_Z20_01","exodermis_order",5
"B05_D_To_C03_Z20_01","epidermis_cell_diameter",0.01421975
"B05_D_To_C03_Z20_01","epidermis_n_layers",1
"B05_D_To_C03_Z20_01","epidermis_order",6
"B05_D_To_C03_Z20_01","pericycle_cell_diameter",0.0117045
"B05_D_To_C03_Z20_01","pericycle_order",2
"B05_D_To_C03_Z20_01","pericycle_n_layers",1
"B05_D_To_C03_Z20_01","stele_n_layers",6
"B05_D_To_C03_Z20_01","stele_layer_diameter",0.142
"B05_D_To_C03_Z20_01","cortex_n_layers",3
"B05_D_To_C03_Z20_01","phloem_n_layers",1
"B05_D_To_C03_Z20_01","phloem_proportion",0.115492957746479
"B05_E2_To_C01_Z20_01","secondarygrowth_param",1
"B05_E2_To_C01_Z20_01","randomness_param",2
"B05_E2_To_C01_Z20_01","planttype_param",2
"B05_E2_To_C01_Z20_01","aerenchyma_proportion",0
"B05_E2_To_C01_Z20_01","aerenchyma_n_files",10
"B05_E2_To_C01_Z20_01","xylem_n_files",2
"B05_E2_To_C01_Z20_01","xylem_n_cells",7
"B05_E2_To_C01_Z20_01","xylem_max_size",0.0567532321122866
"B05_E2_To_C01_Z20_01","xylem_cell_diameter",0.0282391689410839
"B05_E2_To_C01_Z20_01","xylem_order",1.5
"B05_E2_To_C01_Z20_01","stele_cell_diameter",0.00962405763323411
"B05_E2_To_C01_Z20_01","stele_SD",0.00138521974185253
"B05_E2_To_C01_Z20_01","phloem_cell_diameter",0.00962419955539126
"B05_E2_To_C01_Z20_01","phloem_order",1.5
"B05_E2_To_C01_Z20_01","stele_order",1
"B05_E2_To_C01_Z20_01","cortex_cell_diameter",0.0194306666666667
"B05_E2_To_C01_Z20_01","cortex_order",4
"B05_E2_To_C01_Z20_01","endodermis_cell_diameter",0.0134849
"B05_E2_To_C01_Z20_01","endodermis_n_layers",1
"B05_E2_To_C01_Z20_01","endodermis_order",3
"B05_E2_To_C01_Z20_01","exodermis_cell_diameter",0.0270191176470588
"B05_E2_To_C01_Z20_01","exodermis_n_layers",1
"B05_E2_To_C01_Z20_01","exodermis_order",5
"B05_E2_To_C01_Z20_01","epidermis_cell_diameter",0.0139747272727273
"B05_E2_To_C01_Z20_01","epidermis_n_layers",1
"B05_E2_To_C01_Z20_01","epidermis_order",6
"B05_E2_To_C01_Z20_01","pericycle_cell_diameter",0.011681
"B05_E2_To_C01_Z20_01","pericycle_order",2
"B05_E2_To_C01_Z20_01","pericycle_n_layers",1
"B05_E2_To_C01_Z20_01","stele_n_layers",6
"B05_E2_To_C01_Z20_01","stele_layer_diameter",0.15592
"B05_E2_To_C01_Z20_01","cortex_n_layers",3
"B05_E2_To_C01_Z20_01","phloem_n_layers",1
"B05_E2_To_C01_Z20_01","phloem_proportion",0.153925089789636
"B11_C_To_C01_Z20_01","secondarygrowth_param",0
"B11_C_To_C01_Z20_01","randomness_param",2
"B11_C_To_C01_Z20_01","planttype_param",2
"B11_C_To_C01_Z20_01","aerenchyma_proportion",0
"B11_C_To_C01_Z20_01","aerenchyma_n_files",10
"B11_C_To_C01_Z20_01","xylem_n_files",2
"B11_C_To_C01_Z20_01","xylem_n_cells",4
"B11_C_To_C01_Z20_01","xylem_max_size",0.0204951058851961
"B11_C_To_C01_Z20_01","xylem_cell_diameter",0.0165076704505096
"B11_C_To_C01_Z20_01","xylem_order",1.5
"B11_C_To_C01_Z20_01","stele_cell_diameter",0.00701245167848517
"B11_C_To_C01_Z20_01","stele_SD",0.000931817414500338
"B11_C_To_C01_Z20_01","phloem_cell_diameter",0.00701255508832611
"B11_C_To_C01_Z20_01","phloem_order",1.5
"B11_C_To_C01_Z20_01","stele_order",1
"B11_C_To_C01_Z20_01","cortex_cell_diameter",0.019715
"B11_C_To_C01_Z20_01","cortex_order",4
"B11_C_To_C01_Z20_01","endodermis_cell_diameter",0.0139338947368421
"B11_C_To_C01_Z20_01","endodermis_n_layers",1
"B11_C_To_C01_Z20_01","endodermis_order",3
"B11_C_To_C01_Z20_01","exodermis_cell_diameter",0.024779
"B11_C_To_C01_Z20_01","exodermis_n_layers",1
"B11_C_To_C01_Z20_01","exodermis_order",5
"B11_C_To_C01_Z20_01","epidermis_cell_diameter",0.013643
"B11_C_To_C01_Z20_01","epidermis_n_layers",1
"B11_C_To_C01_Z20_01","epidermis_order",6
"B11_C_To_C01_Z20_01","pericycle_cell_diameter",0.0108835714285714
"B11_C_To_C01_Z20_01","pericycle_order",2
"B11_C_To_C01_Z20_01","pericycle_n_layers",1
"B11_C_To_C01_Z20_01","stele_n_layers",5
"B11_C_To_C01_Z20_01","stele_layer_diameter",0.1078
"B11_C_To_C01_Z20_01","cortex_n_layers",3
"B11_C_To_C01_Z20_01","phloem_n_layers",0
"B11_C_To_C01_Z20_01","phloem_proportion",0
"B11_D_To_C01_Z20_01","secondarygrowth_param",1
"B11_D_To_C01_Z20_01","randomness_param",2
"B11_D_To_C01_Z20_01","planttype_param",2
"B11_D_To_C01_Z20_01","aerenchyma_proportion",0
"B11_D_To_C01_Z20_01","aerenchyma_n_files",10
"B11_D_To_C01_Z20_01","xylem_n_files",2
"B11_D_To_C01_Z20_01","xylem_n_cells",8
"B11_D_To_C01_Z20_01","xylem_max_size",0.0355995848291528
"B11_D_To_C01_Z20_01","xylem_cell_diameter",0.0203349572020319
"B11_D_To_C01_Z20_01","xylem_order",1.5
"B11_D_To_C01_Z20_01","stele_cell_diameter",0.00826970916008121
"B11_D_To_C01_Z20_01","stele_SD",0.00122358974780378
"B11_D_To_C01_Z20_01","phloem_cell_diameter",0.0082698311101991
"B11_D_To_C01_Z20_01","phloem_order",1.5
"B11_D_To_C01_Z20_01","stele_order",1
"B11_D_To_C01_Z20_01","cortex_cell_diameter",0.0182008333333333
"B11_D_To_C01_Z20_01","cortex_order",4
"B11_D_To_C01_Z20_01","endodermis_cell_diameter",0.01180425
"B11_D_To_C01_Z20_01","endodermis_n_layers",1
"B11_D_To_C01_Z20_01","endodermis_order",3
"B11_D_To_C01_Z20_01","exodermis_cell_diameter",0.0242870833333333
"B11_D_To_C01_Z20_01","exodermis_n_layers",1
"B11_D_To_C01_Z20_01","exodermis_order",5
"B11_D_To_C01_Z20_01","epidermis_cell_diameter",0.0149035
"B11_D_To_C01_Z20_01","epidermis_n_layers",1
"B11_D_To_C01_Z20_01","epidermis_order",6
"B11_D_To_C01_Z20_01","pericycle_cell_diameter",0.0107647142857143
"B11_D_To_C01_Z20_01","pericycle_order",2
"B11_D_To_C01_Z20_01","pericycle_n_layers",1
"B11_D_To_C01_Z20_01","stele_n_layers",8
"B11_D_To_C01_Z20_01","stele_layer_diameter",0.13526
"B11_D_To_C01_Z20_01","cortex_n_layers",3
"B11_D_To_C01_Z20_01","phloem_n_layers",1
"B11_D_To_C01_Z20_01","phloem_proportion",0.15525654295431
"B11_E_To_C01_Z20_02","secondarygrowth_param",1
"B11_E_To_C01_Z20_02","randomness_param",2
"B11_E_To_C01_Z20_02","planttype_param",2
"B11_E_To_C01_Z20_02","aerenchyma_proportion",0
"B11_E_To_C01_Z20_02","aerenchyma_n_files",10
"B11_E_To_C01_Z20_02","xylem_n_files",2
"B11_E_To_C01_Z20_02","xylem_n_cells",8
"B11_E_To_C01_Z20_02","xylem_max_size",0.0645426176394888
"B11_E_To_C01_Z20_02","xylem_cell_diameter",0.0463116730228646
"B11_E_To_C01_Z20_02","xylem_order",1.5
"B11_E_To_C01_Z20_02","stele_cell_diameter",0.0115210153865028
"B11_E_To_C01_Z20_02","stele_SD",0.00181760698486478
"B11_E_To_C01_Z20_02","phloem_cell_diameter",0.0115211852823428
"B11_E_To_C01_Z20_02","phloem_order",1.5
"B11_E_To_C01_Z20_02","stele_order",1
"B11_E_To_C01_Z20_02","cortex_cell_diameter",0.0234785
"B11_E_To_C01_Z20_02","cortex_order",4
"B11_E_To_C01_Z20_02","endodermis_cell_diameter",0.0194012941176471
"B11_E_To_C01_Z20_02","endodermis_n_layers",1
"B11_E_To_C01_Z20_02","endodermis_order",3
"B11_E_To_C01_Z20_02","exodermis_cell_diameter",0.02823125
"B11_E_To_C01_Z20_02","exodermis_n_layers",1
"B11_E_To_C01_Z20_02","exodermis_order",5
"B11_E_To_C01_Z20_02","epidermis_cell_diameter",0.015087
"B11_E_To_C01_Z20_02","epidermis_n_layers",1
"B11_E_To_C01_Z20_02","epidermis_order",6
"B11_E_To_C01_Z20_02","pericycle_cell_diameter",0.01546
"B11_E_To_C01_Z20_02","pericycle_order",2
"B11_E_To_C01_Z20_02","pericycle_n_layers",1
"B11_E_To_C01_Z20_02","stele_n_layers",10
"B11_E_To_C01_Z20_02","stele_layer_diameter",0.2598
"B11_E_To_C01_Z20_02","cortex_n_layers",2
"B11_E_To_C01_Z20_02","phloem_n_layers",1
"B11_E_To_C01_Z20_02","phloem_proportion",0.104695919938414
"B11_F_To_C01_Z10_01","secondarygrowth_param",1
"B11_F_To_C01_Z10_01","randomness_param",2
"B11_F_To_C01_Z10_01","planttype_param",2
"B11_F_To_C01_Z10_01","aerenchyma_proportion",0
"B11_F_To_C01_Z10_01","aerenchyma_n_files",10
"B11_F_To_C01_Z10_01","xylem_n_files",2
"B11_F_To_C01_Z10_01","xylem_n_cells",14
"B11_F_To_C01_Z10_01","xylem_max_size",0.0699733205414097
"B11_F_To_C01_Z10_01","xylem_cell_diameter",0.0507315684585047
"B11_F_To_C01_Z10_01","xylem_order",1.5
"B11_F_To_C01_Z10_01","stele_cell_diameter",0.0188217325285489
"B11_F_To_C01_Z10_01","stele_SD",0.00324615149829386
"B11_F_To_C01_Z10_01","phloem_cell_diameter",0.0089406
"B11_F_To_C01_Z10_01","phloem_order",1.5
"B11_F_To_C01_Z10_01","stele_order",1
"B11_F_To_C01_Z10_01","cortex_cell_diameter",0.027329125
"B11_F_To_C01_Z10_01","cortex_order",4
"B11_F_To_C01_Z10_01","endodermis_cell_diameter",0.024643
"B11_F_To_C01_Z10_01","endodermis_n_layers",1
"B11_F_To_C01_Z10_01","endodermis_order",3
"B11_F_To_C01_Z10_01","exodermis_cell_diameter",0.037912
"B11_F_To_C01_Z10_01","exodermis_n_layers",1
"B11_F_To_C01_Z10_01","exodermis_order",5
"B11_F_To_C01_Z10_01","epidermis_cell_diameter",0.031655
"B11_F_To_C01_Z10_01","epidermis_n_layers",1
"B11_F_To_C01_Z10_01","epidermis_order",6
"B11_F_To_C01_Z10_01","pericycle_cell_diameter",0.017907
"B11_F_To_C01_Z10_01","pericycle_order",2
"B11_F_To_C01_Z10_01","pericycle_n_layers",1
"B11_F_To_C01_Z10_01","stele_n_layers",7
"B11_F_To_C01_Z10_01","stele_layer_diameter",0.436
"B11_F_To_C01_Z10_01","cortex_n_layers",2
"B11_F_To_C01_Z10_01","phloem_n_layers",5
"B11_F_To_C01_Z10_01","phloem_proportion",0.186697247706422
"B11_F_To_C02_Z10_01","secondarygrowth_param",1
"B11_F_To_C02_Z10_01","randomness_param",2
"B11_F_To_C02_Z10_01","planttype_param",2
"B11_F_To_C02_Z10_01","aerenchyma_proportion",0
"B11_F_To_C02_Z10_01","aerenchyma_n_files",10
"B11_F_To_C02_Z10_01","xylem_n_files",2
"B11_F_To_C02_Z10_01","xylem_n_cells",11
"B11_F_To_C02_Z10_01","xylem_max_size",0.0678419148086331
"B11_F_To_C02_Z10_01","xylem_cell_diameter",0.045819000336525
"B11_F_To_C02_Z10_01","xylem_order",1.5
"B11_F_To_C02_Z10_01","stele_cell_diameter",0.0124205025011934
"B11_F_To_C02_Z10_01","stele_SD",0.0023486986736415
"B11_F_To_C02_Z10_01","phloem_cell_diameter",0.0104045833333333
"B11_F_To_C02_Z10_01","phloem_order",1.5
"B11_F_To_C02_Z10_01","stele_order",1
"B11_F_To_C02_Z10_01","cortex_cell_diameter",0.0266878
"B11_F_To_C02_Z10_01","cortex_order",4
"B11_F_To_C02_Z10_01","endodermis_cell_diameter",0.02394525
"B11_F_To_C02_Z10_01","endodermis_n_layers",1
"B11_F_To_C02_Z10_01","endodermis_order",3
"B11_F_To_C02_Z10_01","exodermis_cell_diameter",0.033352
"B11_F_To_C02_Z10_01","exodermis_n_layers",1
"B11_F_To_C02_Z10_01","exodermis_order",5
"B11_F_To_C02_Z10_01","epidermis_cell_diameter",0.022361
"B11_F_To_C02_Z10_01","epidermis_n_layers",1
"B11_F_To_C02_Z10_01","epidermis_order",6
"B11_F_To_C02_Z10_01","pericycle_cell_diameter",0.0166084285714286
"B11_F_To_C02_Z10_01","pericycle_order",2
"B11_F_To_C02_Z10_01","pericycle_n_layers",1
"B11_F_To_C02_Z10_01","stele_n_layers",7
"B11_F_To_C02_Z10_01","stele_layer_diameter",0.31
"B11_F_To_C02_Z10_01","cortex_n_layers",2
"B11_F_To_C02_Z10_01","phloem_n_layers",4
"B11_F_To_C02_Z10_01","phloem_proportion",0.220129032258064
"B11_F_To_C03_Z10_01","secondarygrowth_param",1
"B11_F_To_C03_Z10_01","randomness_param",2
"B11_F_To_C03_Z10_01","planttype_param",2
"B11_F_To_C03_Z10_01","aerenchyma_proportion",0
"B11_F_To_C03_Z10_01","aerenchyma_n_files",10
"B11_F_To_C03_Z10_01","xylem_n_files",2
"B11_F_To_C03_Z10_01","xylem_n_cells",14
"B11_F_To_C03_Z10_01","xylem_max_size",0.0719719471982765
"B11_F_To_C03_Z10_01","xylem_cell_diameter",0.0484205406249893
"B11_F_To_C03_Z10_01","xylem_order",1.5
"B11_F_To_C03_Z10_01","stele_cell_diameter",0.0170842260153678
"B11_F_To_C03_Z10_01","stele_SD",0.00275818794414442
"B11_F_To_C03_Z10_01","phloem_cell_diameter",0.011021625
"B11_F_To_C03_Z10_01","phloem_order",1.5
"B11_F_To_C03_Z10_01","stele_order",1
"B11_F_To_C03_Z10_01","cortex_cell_diameter",0.0309581666666667
"B11_F_To_C03_Z10_01","cortex_order",4
"B11_F_To_C03_Z10_01","endodermis_cell_diameter",0.0273901333333333
"B11_F_To_C03_Z10_01","endodermis_n_layers",1
"B11_F_To_C03_Z10_01","endodermis_order",3
"B11_F_To_C03_Z10_01","exodermis_cell_diameter",0.0417027142857143
"B11_F_To_C03_Z10_01","exodermis_n_layers",1
"B11_F_To_C03_Z10_01","exodermis_order",5
"B11_F_To_C03_Z10_01","epidermis_cell_diameter",0.031288
"B11_F_To_C03_Z10_01","epidermis_n_layers",1
"B11_F_To_C03_Z10_01","epidermis_order",6
"B11_F_To_C03_Z10_01","pericycle_cell_diameter",0.0184228666666667
"B11_F_To_C03_Z10_01","pericycle_order",2
"B11_F_To_C03_Z10_01","pericycle_n_layers",1
"B11_F_To_C03_Z10_01","stele_n_layers",8
"B11_F_To_C03_Z10_01","stele_layer_diameter",0.4356
"B11_F_To_C03_Z10_01","cortex_n_layers",2
"B11_F_To_C03_Z10_01","phloem_n_layers",4
"B11_F_To_C03_Z10_01","phloem_proportion",0.190220385674931
"P01_A_To_C04_Z20_03","secondarygrowth_param",1
"P01_A_To_C04_Z20_03","randomness_param",2
"P01_A_To_C04_Z20_03","planttype_param",2
"P01_A_To_C04_Z20_03","aerenchyma_proportion",0
"P01_A_To_C04_Z20_03","aerenchyma_n_files",10
"P01_A_To_C04_Z20_03","xylem_n_files",2
"P01_A_To_C04_Z20_03","xylem_n_cells",6
"P01_A_To_C04_Z20_03","xylem_max_size",0.0253642720550466
"P01_A_To_C04_Z20_03","xylem_cell_diameter",0.0198280119476704
"P01_A_To_C04_Z20_03","xylem_order",1.5
"P01_A_To_C04_Z20_03","stele_cell_diameter",0.00785112425815587
"P01_A_To_C04_Z20_03","stele_SD",0.000898006516288527
"P01_A_To_C04_Z20_03","phloem_cell_diameter",0.00769522944747726
"P01_A_To_C04_Z20_03","phloem_order",1.5
"P01_A_To_C04_Z20_03","stele_order",1
"P01_A_To_C04_Z20_03","cortex_cell_diameter",0.02465025
"P01_A_To_C04_Z20_03","cortex_order",4
"P01_A_To_C04_Z20_03","endodermis_cell_diameter",0.01215175
"P01_A_To_C04_Z20_03","endodermis_n_layers",1
"P01_A_To_C04_Z20_03","endodermis_order",3
"P01_A_To_C04_Z20_03","exodermis_cell_diameter",0.0212491666666667
"P01_A_To_C04_Z20_03","exodermis_n_layers",1
"P01_A_To_C04_Z20_03","exodermis_order",5
"P01_A_To_C04_Z20_03","epidermis_cell_diameter",0.0140233105859673
"P01_A_To_C04_Z20_03","epidermis_n_layers",1
"P01_A_To_C04_Z20_03","epidermis_order",6
"P01_A_To_C04_Z20_03","pericycle_cell_diameter",0.00908333333333333
"P01_A_To_C04_Z20_03","pericycle_order",2
"P01_A_To_C04_Z20_03","pericycle_n_layers",1
"P01_A_To_C04_Z20_03","stele_n_layers",6
"P01_A_To_C04_Z20_03","stele_layer_diameter",0.1096
"P01_A_To_C04_Z20_03","cortex_n_layers",2
"P01_A_To_C04_Z20_03","phloem_n_layers",1
"P01_A_To_C04_Z20_03","phloem_proportion",0.127737226277372
"P04_A_FY_C01_Z20_04","secondarygrowth_param",0
"P04_A_FY_C01_Z20_04","randomness_param",2
"P04_A_FY_C01_Z20_04","planttype_param",2
"P04_A_FY_C01_Z20_04","aerenchyma_proportion",0
"P04_A_FY_C01_Z20_04","aerenchyma_n_files",10
"P04_A_FY_C01_Z20_04","xylem_n_files",2
"P04_A_FY_C01_Z20_04","xylem_n_cells",4
"P04_A_FY_C01_Z20_04","xylem_max_size",0.0133960041771441
"P04_A_FY_C01_Z20_04","xylem_cell_diameter",0.0108401214252086
"P04_A_FY_C01_Z20_04","xylem_order",1.5
"P04_A_FY_C01_Z20_04","stele_cell_diameter",0.00778319738531254
"P04_A_FY_C01_Z20_04","stele_SD",0.00104776887156073
"P04_A_FY_C01_Z20_04","phloem_cell_diameter",0.00778331216103443
"P04_A_FY_C01_Z20_04","phloem_order",1.5
"P04_A_FY_C01_Z20_04","stele_order",1
"P04_A_FY_C01_Z20_04","cortex_cell_diameter",0.0242814166666667
"P04_A_FY_C01_Z20_04","cortex_order",4
"P04_A_FY_C01_Z20_04","endodermis_cell_diameter",0.0159271
"P04_A_FY_C01_Z20_04","endodermis_n_layers",1
"P04_A_FY_C01_Z20_04","endodermis_order",3
"P04_A_FY_C01_Z20_04","exodermis_cell_diameter",0.0295325
"P04_A_FY_C01_Z20_04","exodermis_n_layers",1
"P04_A_FY_C01_Z20_04","exodermis_order",5
"P04_A_FY_C01_Z20_04","epidermis_cell_diameter",0.0167084285714286
"P04_A_FY_C01_Z20_04","epidermis_n_layers",1
"P04_A_FY_C01_Z20_04","epidermis_order",6
"P04_A_FY_C01_Z20_04","pericycle_cell_diameter",0.01212175
"P04_A_FY_C01_Z20_04","pericycle_order",2
"P04_A_FY_C01_Z20_04","pericycle_n_layers",1
"P04_A_FY_C01_Z20_04","stele_n_layers",5
"P04_A_FY_C01_Z20_04","stele_layer_diameter",0.106374
"P04_A_FY_C01_Z20_04","cortex_n_layers",3
"P04_A_FY_C01_Z20_04","phloem_n_layers",0
"P04_A_FY_C01_Z20_04","phloem_proportion",0
"P04_B_BH_C01_Z20_05","secondarygrowth_param",0
"P04_B_BH_C01_Z20_05","randomness_param",2
"P04_B_BH_C01_Z20_05","planttype_param",2
"P04_B_BH_C01_Z20_05","aerenchyma_proportion",0
"P04_B_BH_C01_Z20_05","aerenchyma_n_files",10
"P04_B_BH_C01_Z20_05","xylem_n_files",2
"P04_B_BH_C01_Z20_05","xylem_n_cells",5
"P04_B_BH_C01_Z20_05","xylem_max_size",0.0173287228020121
"P04_B_BH_C01_Z20_05","xylem_cell_diameter",0.0135379732942125
"P04_B_BH_C01_Z20_05","xylem_order",1.5
"P04_B_BH_C01_Z20_05","stele_cell_diameter",0.0077083971363261
"P04_B_BH_C01_Z20_05","stele_SD",0.00159362667822576
"P04_B_BH_C01_Z20_05","phloem_cell_diameter",0.00770851080899841
"P04_B_BH_C01_Z20_05","phloem_order",1.5
"P04_B_BH_C01_Z20_05","stele_order",1
"P04_B_BH_C01_Z20_05","cortex_cell_diameter",0.0228735833333333
"P04_B_BH_C01_Z20_05","cortex_order",4
"P04_B_BH_C01_Z20_05","endodermis_cell_diameter",0.0150199545454545
"P04_B_BH_C01_Z20_05","endodermis_n_layers",1
"P04_B_BH_C01_Z20_05","endodermis_order",3
"P04_B_BH_C01_Z20_05","exodermis_cell_diameter",0.028227375
"P04_B_BH_C01_Z20_05","exodermis_n_layers",1
"P04_B_BH_C01_Z20_05","exodermis_order",5
"P04_B_BH_C01_Z20_05","epidermis_cell_diameter",0.017704
"P04_B_BH_C01_Z20_05","epidermis_n_layers",1
"P04_B_BH_C01_Z20_05","epidermis_order",6
"P04_B_BH_C01_Z20_05","pericycle_cell_diameter",0.0132314545454545
"P04_B_BH_C01_Z20_05","pericycle_order",2
"P04_B_BH_C01_Z20_05","pericycle_n_layers",1
"P04_B_BH_C01_Z20_05","stele_n_layers",6
"P04_B_BH_C01_Z20_05","stele_layer_diameter",0.1138
"P04_B_BH_C01_Z20_05","cortex_n_layers",3
"P04_B_BH_C01_Z20_05","phloem_n_layers",0
"P04_B_BH_C01_Z20_05","phloem_proportion",0
"P04_C_BH_C01_Z20_01","secondarygrowth_param",0
"P04_C_BH_C01_Z20_01","randomness_param",2
"P04_C_BH_C01_Z20_01","planttype_param",2
"P04_C_BH_C01_Z20_01","aerenchyma_proportion",0
"P04_C_BH_C01_Z20_01","aerenchyma_n_files",10
"P04_C_BH_C01_Z20_01","xylem_n_files",2
"P04_C_BH_C01_Z20_01","xylem_n_cells",8
"P04_C_BH_C01_Z20_01","xylem_max_size",0.0167390019765994
"P04_C_BH_C01_Z20_01","xylem_cell_diameter",0.0127667576054212
"P04_C_BH_C01_Z20_01","xylem_order",1.5
"P04_C_BH_C01_Z20_01","stele_cell_diameter",0.00795460147026224
"P04_C_BH_C01_Z20_01","stele_SD",0.000987143425330664
"P04_C_BH_C01_Z20_01","phloem_cell_diameter",0.00795471877361213
"P04_C_BH_C01_Z20_01","phloem_order",1.5
"P04_C_BH_C01_Z20_01","stele_order",1
"P04_C_BH_C01_Z20_01","cortex_cell_diameter",0.0252135
"P04_C_BH_C01_Z20_01","cortex_order",4
"P04_C_BH_C01_Z20_01","endodermis_cell_diameter",0.018296
"P04_C_BH_C01_Z20_01","endodermis_n_layers",1
"P04_C_BH_C01_Z20_01","endodermis_order",3
"P04_C_BH_C01_Z20_01","exodermis_cell_diameter",0.0298616470588235
"P04_C_BH_C01_Z20_01","exodermis_n_layers",1
"P04_C_BH_C01_Z20_01","exodermis_order",5
"P04_C_BH_C01_Z20_01","epidermis_cell_diameter",0.0152255555555556
"P04_C_BH_C01_Z20_01","epidermis_n_layers",1
"P04_C_BH_C01_Z20_01","epidermis_order",6
"P04_C_BH_C01_Z20_01","pericycle_cell_diameter",0.0144233076923077
"P04_C_BH_C01_Z20_01","pericycle_order",2
"P04_C_BH_C01_Z20_01","pericycle_n_layers",1
"P04_C_BH_C01_Z20_01","stele_n_layers",5
"P04_C_BH_C01_Z20_01","stele_layer_diameter",0.1228
"P04_C_BH_C01_Z20_01","cortex_n_layers",3
"P04_C_BH_C01_Z20_01","phloem_n_layers",0
"P04_C_BH_C01_Z20_01","phloem_proportion",0
"P04_D_FY_C02_Z20_01","secondarygrowth_param",1
"P04_D_FY_C02_Z20_01","randomness_param",2
"P04_D_FY_C02_Z20_01","planttype_param",2
"P04_D_FY_C02_Z20_01","aerenchyma_proportion",0
"P04_D_FY_C02_Z20_01","aerenchyma_n_files",10
"P04_D_FY_C02_Z20_01","xylem_n_files",2
"P04_D_FY_C02_Z20_01","xylem_n_cells",11
"P04_D_FY_C02_Z20_01","xylem_max_size",0.0256992659460525
"P04_D_FY_C02_Z20_01","xylem_cell_diameter",0.0166311376333561
"P04_D_FY_C02_Z20_01","xylem_order",1.5
"P04_D_FY_C02_Z20_01","stele_cell_diameter",0.00838143703861594
"P04_D_FY_C02_Z20_01","stele_SD",0.00155119099369402
"P04_D_FY_C02_Z20_01","phloem_cell_diameter",0.0083815606363405
"P04_D_FY_C02_Z20_01","phloem_order",1.5
"P04_D_FY_C02_Z20_01","stele_order",1
"P04_D_FY_C02_Z20_01","cortex_cell_diameter",0.0303832857142857
"P04_D_FY_C02_Z20_01","cortex_order",4
"P04_D_FY_C02_Z20_01","endodermis_cell_diameter",0.0200762272727273
"P04_D_FY_C02_Z20_01","endodermis_n_layers",1
"P04_D_FY_C02_Z20_01","endodermis_order",3
"P04_D_FY_C02_Z20_01","exodermis_cell_diameter",0.0378826153846154
"P04_D_FY_C02_Z20_01","exodermis_n_layers",1
"P04_D_FY_C02_Z20_01","exodermis_order",5
"P04_D_FY_C02_Z20_01","epidermis_cell_diameter",0.0260385
"P04_D_FY_C02_Z20_01","epidermis_n_layers",1
"P04_D_FY_C02_Z20_01","epidermis_order",6
"P04_D_FY_C02_Z20_01","pericycle_cell_diameter",0.0151839090909091
"P04_D_FY_C02_Z20_01","pericycle_order",2
"P04_D_FY_C02_Z20_01","pericycle_n_layers",1
"P04_D_FY_C02_Z20_01","stele_n_layers",4
"P04_D_FY_C02_Z20_01","stele_layer_diameter",0.1398
"P04_D_FY_C02_Z20_01","cortex_n_layers",2
"P04_D_FY_C02_Z20_01","phloem_n_layers",1
"P04_D_FY_C02_Z20_01","phloem_proportion",0.150214592274678
"P04_D_To_C01_Z20_01","secondarygrowth_param",0
"P04_D_To_C01_Z20_01","randomness_param",2
"P04_D_To_C01_Z20_01","planttype_param",2
"P04_D_To_C01_Z20_01","aerenchyma_proportion",0
"P04_D_To_C01_Z20_01","aerenchyma_n_files",10
"P04_D_To_C01_Z20_01","xylem_n_files",2
"P04_D_To_C01_Z20_01","xylem_n_cells",6
"P04_D_To_C01_Z20_01","xylem_max_size",0.0331297965152746
"P04_D_To_C01_Z20_01","xylem_cell_diameter",0.0220420525943034
"P04_D_To_C01_Z20_01","xylem_order",1.5
"P04_D_To_C01_Z20_01","stele_cell_diameter",0.00798921786692472
"P04_D_To_C01_Z20_01","stele_SD",0.00134152766406868
"P04_D_To_C01_Z20_01","phloem_cell_diameter",0.007968
"P04_D_To_C01_Z20_01","phloem_order",1.5
"P04_D_To_C01_Z20_01","stele_order",1
"P04_D_To_C01_Z20_01","cortex_cell_diameter",0.0275757142857143
"P04_D_To_C01_Z20_01","cortex_order",4
"P04_D_To_C01_Z20_01","endodermis_cell_diameter",0.0174982727272727
"P04_D_To_C01_Z20_01","endodermis_n_layers",1
"P04_D_To_C01_Z20_01","endodermis_order",3
"P04_D_To_C01_Z20_01","exodermis_cell_diameter",0.0384731538461539
"P04_D_To_C01_Z20_01","exodermis_n_layers",1
"P04_D_To_C01_Z20_01","exodermis_order",5
"P04_D_To_C01_Z20_01","epidermis_cell_diameter",0.01448875
"P04_D_To_C01_Z20_01","epidermis_n_layers",1
"P04_D_To_C01_Z20_01","epidermis_order",6
"P04_D_To_C01_Z20_01","pericycle_cell_diameter",0.013347
"P04_D_To_C01_Z20_01","pericycle_order",2
"P04_D_To_C01_Z20_01","pericycle_n_layers",1
"P04_D_To_C01_Z20_01","stele_n_layers",10
"P04_D_To_C01_Z20_01","stele_layer_diameter",0.1464115
"P04_D_To_C01_Z20_01","cortex_n_layers",2
"P04_D_To_C01_Z20_01","phloem_n_layers",0
"P04_D_To_C01_Z20_01","phloem_proportion",0
"P04_F_FY_C01_Z10_01","secondarygrowth_param",1
"P04_F_FY_C01_Z10_01","randomness_param",2
"P04_F_FY_C01_Z10_01","planttype_param",2
"P04_F_FY_C01_Z10_01","aerenchyma_proportion",0
"P04_F_FY_C01_Z10_01","aerenchyma_n_files",10
"P04_F_FY_C01_Z10_01","xylem_n_files",2
"P04_F_FY_C01_Z10_01","xylem_n_cells",9
"P04_F_FY_C01_Z10_01","xylem_max_size",0.036341342608212
"P04_F_FY_C01_Z10_01","xylem_cell_diameter",0.0243707174730504
"P04_F_FY_C01_Z10_01","xylem_order",1.5
"P04_F_FY_C01_Z10_01","stele_cell_diameter",0.0106737138693607
"P04_F_FY_C01_Z10_01","stele_SD",0.00173465854383146
"P04_F_FY_C01_Z10_01","phloem_cell_diameter",0.0106738712703816
"P04_F_FY_C01_Z10_01","phloem_order",1.5
"P04_F_FY_C01_Z10_01","stele_order",1
"P04_F_FY_C01_Z10_01","cortex_cell_diameter",0.0290878235294118
"P04_F_FY_C01_Z10_01","cortex_order",4
"P04_F_FY_C01_Z10_01","endodermis_cell_diameter",0.0276701333333333
"P04_F_FY_C01_Z10_01","endodermis_n_layers",1
"P04_F_FY_C01_Z10_01","endodermis_order",3
"P04_F_FY_C01_Z10_01","exodermis_cell_diameter",0.0303235789473684
"P04_F_FY_C01_Z10_01","exodermis_n_layers",1
"P04_F_FY_C01_Z10_01","exodermis_order",5
"P04_F_FY_C01_Z10_01","epidermis_cell_diameter",0.023787
"P04_F_FY_C01_Z10_01","epidermis_n_layers",1
"P04_F_FY_C01_Z10_01","epidermis_order",6
"P04_F_FY_C01_Z10_01","pericycle_cell_diameter",0.0177072
"P04_F_FY_C01_Z10_01","pericycle_order",2
"P04_F_FY_C01_Z10_01","pericycle_n_layers",1
"P04_F_FY_C01_Z10_01","stele_n_layers",5
"P04_F_FY_C01_Z10_01","stele_layer_diameter",0.2334
"P04_F_FY_C01_Z10_01","cortex_n_layers",2
"P04_F_FY_C01_Z10_01","phloem_n_layers",1
"P04_F_FY_C01_Z10_01","phloem_proportion",0.12853470437018
"P11_A_To_C02_Z20_01","secondarygrowth_param",0
"P11_A_To_C02_Z20_01","randomness_param",2
"P11_A_To_C02_Z20_01","planttype_param",2
"P11_A_To_C02_Z20_01","aerenchyma_proportion",0
"P11_A_To_C02_Z20_01","aerenchyma_n_files",10
"P11_A_To_C02_Z20_01","xylem_n_files",2
"P11_A_To_C02_Z20_01","xylem_n_cells",5
"P11_A_To_C02_Z20_01","xylem_max_size",0.017370700043123
"P11_A_To_C02_Z20_01","xylem_cell_diameter",0.0159200105138322
"P11_A_To_C02_Z20_01","xylem_order",1.5
"P11_A_To_C02_Z20_01","stele_cell_diameter",0.00749338662644927
"P11_A_To_C02_Z20_01","stele_SD",0.00118156469608625
"P11_A_To_C02_Z20_01","phloem_cell_diameter",0.00757
"P11_A_To_C02_Z20_01","phloem_order",1.5
"P11_A_To_C02_Z20_01","stele_order",1
"P11_A_To_C02_Z20_01","cortex_cell_diameter",0.02255095
"P11_A_To_C02_Z20_01","cortex_order",4
"P11_A_To_C02_Z20_01","endodermis_cell_diameter",0.0148587058823529
"P11_A_To_C02_Z20_01","endodermis_n_layers",1
"P11_A_To_C02_Z20_01","endodermis_order",3
"P11_A_To_C02_Z20_01","exodermis_cell_diameter",0.0217805
"P11_A_To_C02_Z20_01","exodermis_n_layers",1
"P11_A_To_C02_Z20_01","exodermis_order",5
"P11_A_To_C02_Z20_01","epidermis_cell_diameter",0.0147818461132593
"P11_A_To_C02_Z20_01","epidermis_n_layers",1
"P11_A_To_C02_Z20_01","epidermis_order",6
"P11_A_To_C02_Z20_01","pericycle_cell_diameter",0.016602
"P11_A_To_C02_Z20_01","pericycle_order",2
"P11_A_To_C02_Z20_01","pericycle_n_layers",1
"P11_A_To_C02_Z20_01","stele_n_layers",6
"P11_A_To_C02_Z20_01","stele_layer_diameter",0.1486
"P11_A_To_C02_Z20_01","cortex_n_layers",4
"P11_A_To_C02_Z20_01","phloem_n_layers",0
"P11_A_To_C02_Z20_01","phloem_proportion",0
"P11_B_To_C01_Z20_01","secondarygrowth_param",0
"P11_B_To_C01_Z20_01","randomness_param",2
"P11_B_To_C01_Z20_01","planttype_param",2
"P11_B_To_C01_Z20_01","aerenchyma_proportion",0
"P11_B_To_C01_Z20_01","aerenchyma_n_files",10
"P11_B_To_C01_Z20_01","xylem_n_files",2
"P11_B_To_C01_Z20_01","xylem_n_cells",5
"P11_B_To_C01_Z20_01","xylem_max_size",0.0199795774626562
"P11_B_To_C01_Z20_01","xylem_cell_diameter",0.0175269941390385
"P11_B_To_C01_Z20_01","xylem_order",1.5
"P11_B_To_C01_Z20_01","stele_cell_diameter",0.00744819092405978
"P11_B_To_C01_Z20_01","stele_SD",0.000700932130180581
"P11_B_To_C01_Z20_01","phloem_cell_diameter",0.00530913299126285
"P11_B_To_C01_Z20_01","phloem_order",1.5
"P11_B_To_C01_Z20_01","stele_order",1
"P11_B_To_C01_Z20_01","cortex_cell_diameter",0.0231240416666667
"P11_B_To_C01_Z20_01","cortex_order",4
"P11_B_To_C01_Z20_01","endodermis_cell_diameter",0.0154721333333333
"P11_B_To_C01_Z20_01","endodermis_n_layers",1
"P11_B_To_C01_Z20_01","endodermis_order",3
"P11_B_To_C01_Z20_01","exodermis_cell_diameter",0.029173625
"P11_B_To_C01_Z20_01","exodermis_n_layers",1
"P11_B_To_C01_Z20_01","exodermis_order",5
"P11_B_To_C01_Z20_01","epidermis_cell_diameter",0.0159191111111111
"P11_B_To_C01_Z20_01","epidermis_n_layers",1
"P11_B_To_C01_Z20_01","epidermis_order",6
"P11_B_To_C01_Z20_01","pericycle_cell_diameter",0.0154466875
"P11_B_To_C01_Z20_01","pericycle_order",2
"P11_B_To_C01_Z20_01","pericycle_n_layers",1
"P11_B_To_C01_Z20_01","stele_n_layers",8
"P11_B_To_C01_Z20_01","stele_layer_diameter",0.14502
"P11_B_To_C01_Z20_01","cortex_n_layers",4
"P11_B_To_C01_Z20_01","phloem_n_layers",0
"P11_B_To_C01_Z20_01","phloem_proportion",0
"P11_C_To_C01_Z20_01","secondarygrowth_param",0
"P11_C_To_C01_Z20_01","randomness_param",2
"P11_C_To_C01_Z20_01","planttype_param",2
"P11_C_To_C01_Z20_01","aerenchyma_proportion",0
"P11_C_To_C01_Z20_01","aerenchyma_n_files",10
"P11_C_To_C01_Z20_01","xylem_n_files",2
"P11_C_To_C01_Z20_01","xylem_n_cells",7
"P11_C_To_C01_Z20_01","xylem_max_size",0.0252150962587954
"P11_C_To_C01_Z20_01","xylem_cell_diameter",0.016864051750779
"P11_C_To_C01_Z20_01","xylem_order",1.5
"P11_C_To_C01_Z20_01","stele_cell_diameter",0.00726320077621543
"P11_C_To_C01_Z20_01","stele_SD",0.0012237062077919
"P11_C_To_C01_Z20_01","phloem_cell_diameter",0.00736229624616086
"P11_C_To_C01_Z20_01","phloem_order",1.5
"P11_C_To_C01_Z20_01","stele_order",1
"P11_C_To_C01_Z20_01","cortex_cell_diameter",0.0226535555555556
"P11_C_To_C01_Z20_01","cortex_order",4
"P11_C_To_C01_Z20_01","endodermis_cell_diameter",0.0150572
"P11_C_To_C01_Z20_01","endodermis_n_layers",1
"P11_C_To_C01_Z20_01","endodermis_order",3
"P11_C_To_C01_Z20_01","exodermis_cell_diameter",0.0276952727272727
"P11_C_To_C01_Z20_01","exodermis_n_layers",1
"P11_C_To_C01_Z20_01","exodermis_order",5
"P11_C_To_C01_Z20_01","epidermis_cell_diameter",0.014696
"P11_C_To_C01_Z20_01","epidermis_n_layers",1
"P11_C_To_C01_Z20_01","epidermis_order",6
"P11_C_To_C01_Z20_01","pericycle_cell_diameter",0.015342375
"P11_C_To_C01_Z20_01","pericycle_order",2
"P11_C_To_C01_Z20_01","pericycle_n_layers",1
"P11_C_To_C01_Z20_01","stele_n_layers",7
"P11_C_To_C01_Z20_01","stele_layer_diameter",0.1494
"P11_C_To_C01_Z20_01","cortex_n_layers",4
"P11_C_To_C01_Z20_01","phloem_n_layers",0
"P11_C_To_C01_Z20_01","phloem_proportion",0
"P11_D_To_C01_Z20_01","secondarygrowth_param",1
"P11_D_To_C01_Z20_01","randomness_param",2
"P11_D_To_C01_Z20_01","planttype_param",2
"P11_D_To_C01_Z20_01","aerenchyma_proportion",0
"P11_D_To_C01_Z20_01","aerenchyma_n_files",10
"P11_D_To_C01_Z20_01","xylem_n_files",2
"P11_D_To_C01_Z20_01","xylem_n_cells",8
"P11_D_To_C01_Z20_01","xylem_max_size",0.0479520788168385
"P11_D_To_C01_Z20_01","xylem_cell_diameter",0.0235492319911277
"P11_D_To_C01_Z20_01","xylem_order",1.5
"P11_D_To_C01_Z20_01","stele_cell_diameter",0.00775656383027497
"P11_D_To_C01_Z20_01","stele_SD",0.00127052784963664
"P11_D_To_C01_Z20_01","phloem_cell_diameter",0.00785
"P11_D_To_C01_Z20_01","phloem_order",1.5
"P11_D_To_C01_Z20_01","stele_order",1
"P11_D_To_C01_Z20_01","cortex_cell_diameter",0.01912575
"P11_D_To_C01_Z20_01","cortex_order",4
"P11_D_To_C01_Z20_01","endodermis_cell_diameter",0.0122286666666667
"P11_D_To_C01_Z20_01","endodermis_n_layers",1
"P11_D_To_C01_Z20_01","endodermis_order",3
"P11_D_To_C01_Z20_01","exodermis_cell_diameter",0.0235057777777778
"P11_D_To_C01_Z20_01","exodermis_n_layers",1
"P11_D_To_C01_Z20_01","exodermis_order",5
"P11_D_To_C01_Z20_01","epidermis_cell_diameter",0.0156160769230769
"P11_D_To_C01_Z20_01","epidermis_n_layers",1
"P11_D_To_C01_Z20_01","epidermis_order",6
"P11_D_To_C01_Z20_01","pericycle_cell_diameter",0.0101310833333333
"P11_D_To_C01_Z20_01","pericycle_order",2
"P11_D_To_C01_Z20_01","pericycle_n_layers",1
"P11_D_To_C01_Z20_01","stele_n_layers",8
"P11_D_To_C01_Z20_01","stele_layer_diameter",0.14074
"P11_D_To_C01_Z20_01","cortex_n_layers",3
"P11_D_To_C01_Z20_01","phloem_n_layers",1
"P11_D_To_C01_Z20_01","phloem_proportion",0.112263748756572
"P11_E2_To_C01_Z20_03","secondarygrowth_param",1
"P11_E2_To_C01_Z20_03","randomness_param",2
"P11_E2_To_C01_Z20_03","planttype_param",2
"P11_E2_To_C01_Z20_03","aerenchyma_proportion",0
"P11_E2_To_C01_Z20_03","aerenchyma_n_files",10
"P11_E2_To_C01_Z20_03","xylem_n_files",2
"P11_E2_To_C01_Z20_03","xylem_n_cells",10
"P11_E2_To_C01_Z20_03","xylem_max_size",0.0531666831291433
"P11_E2_To_C01_Z20_03","xylem_cell_diameter",0.0339103923355025
"P11_E2_To_C01_Z20_03","xylem_order",1.5
"P11_E2_To_C01_Z20_03","stele_cell_diameter",0.0100729706734371
"P11_E2_To_C01_Z20_03","stele_SD",0.00133181240268507
"P11_E2_To_C01_Z20_03","phloem_cell_diameter",0.00592441666666667
"P11_E2_To_C01_Z20_03","phloem_order",1.5
"P11_E2_To_C01_Z20_03","stele_order",1
"P11_E2_To_C01_Z20_03","cortex_cell_diameter",0.019312375
"P11_E2_To_C01_Z20_03","cortex_order",4
"P11_E2_To_C01_Z20_03","endodermis_cell_diameter",0.0157731818181818
"P11_E2_To_C01_Z20_03","endodermis_n_layers",1
"P11_E2_To_C01_Z20_03","endodermis_order",3
"P11_E2_To_C01_Z20_03","exodermis_cell_diameter",0.024319
"P11_E2_To_C01_Z20_03","exodermis_n_layers",1
"P11_E2_To_C01_Z20_03","exodermis_order",5
"P11_E2_To_C01_Z20_03","epidermis_cell_diameter",0.0129455
"P11_E2_To_C01_Z20_03","epidermis_n_layers",1
"P11_E2_To_C01_Z20_03","epidermis_order",6
"P11_E2_To_C01_Z20_03","pericycle_cell_diameter",0.0118394166666667
"P11_E2_To_C01_Z20_03","pericycle_order",2
"P11_E2_To_C01_Z20_03","pericycle_n_layers",1
"P11_E2_To_C01_Z20_03","stele_n_layers",7
"P11_E2_To_C01_Z20_03","stele_layer_diameter",0.19354
"P11_E2_To_C01_Z20_03","cortex_n_layers",2
"P11_E2_To_C01_Z20_03","phloem_n_layers",3
"P11_E2_To_C01_Z20_03","phloem_proportion",0.169474010540457
"P11_F_To_C01_Z20_01","secondarygrowth_param",1
"P11_F_To_C01_Z20_01","randomness_param",2
"P11_F_To_C01_Z20_01","planttype_param",2
"P11_F_To_C01_Z20_01","aerenchyma_proportion",0
"P11_F_To_C01_Z20_01","aerenchyma_n_files",10
"P11_F_To_C01_Z20_01","xylem_n_files",2
"P11_F_To_C01_Z20_01","xylem_n_cells",17
"P11_F_To_C01_Z20_01","xylem_max_size",0.0624905001392175
"P11_F_To_C01_Z20_01","xylem_cell_diameter",0.0384559811792499
"P11_F_To_C01_Z20_01","xylem_order",1.5
"P11_F_To_C01_Z20_01","stele_cell_diameter",0.0120332504361276
"P11_F_To_C01_Z20_01","stele_SD",0.00231161954794562
"P11_F_To_C01_Z20_01","phloem_cell_diameter",0.0072274
"P11_F_To_C01_Z20_01","phloem_order",1.5
"P11_F_To_C01_Z20_01","stele_order",1
"P11_F_To_C01_Z20_01","cortex_cell_diameter",0.0182119
"P11_F_To_C01_Z20_01","cortex_order",4
"P11_F_To_C01_Z20_01","endodermis_cell_diameter",0.0183638333333333
"P11_F_To_C01_Z20_01","endodermis_n_layers",1
"P11_F_To_C01_Z20_01","endodermis_order",3
"P11_F_To_C01_Z20_01","exodermis_cell_diameter",0.029989
"P11_F_To_C01_Z20_01","exodermis_n_layers",1
"P11_F_To_C01_Z20_01","exodermis_order",5
"P11_F_To_C01_Z20_01","epidermis_cell_diameter",0.020522
"P11_F_To_C01_Z20_01","epidermis_n_layers",1
"P11_F_To_C01_Z20_01","epidermis_order",6
"P11_F_To_C01_Z20_01","pericycle_cell_diameter",0.011926
"P11_F_To_C01_Z20_01","pericycle_order",2
"P11_F_To_C01_Z20_01","pericycle_n_layers",1
"P11_F_To_C01_Z20_01","stele_n_layers",10
"P11_F_To_C01_Z20_01","stele_layer_diameter",0.2816
"P11_F_To_C01_Z20_01","cortex_n_layers",3
"P11_F_To_C01_Z20_01","phloem_n_layers",4
"P11_F_To_C01_Z20_01","phloem_proportion",0.203125
"P11_F2_To_C02_Z10_01","secondarygrowth_param",1
"P11_F2_To_C02_Z10_01","randomness_param",2
"P11_F2_To_C02_Z10_01","planttype_param",2
"P11_F2_To_C02_Z10_01","aerenchyma_proportion",0
"P11_F2_To_C02_Z10_01","aerenchyma_n_files",10
"P11_F2_To_C02_Z10_01","xylem_n_files",2
"P11_F2_To_C02_Z10_01","xylem_n_cells",26
"P11_F2_To_C02_Z10_01","xylem_max_size",0.0712947962311412
"P11_F2_To_C02_Z10_01","xylem_cell_diameter",0.0483185056973926
"P11_F2_To_C02_Z10_01","xylem_order",1.5
"P11_F2_To_C02_Z10_01","stele_cell_diameter",0.0214285929887247
"P11_F2_To_C02_Z10_01","stele_SD",0.00674172900751614
"P11_F2_To_C02_Z10_01","phloem_cell_diameter",0.0113211666666667
"P11_F2_To_C02_Z10_01","phloem_order",1.5
"P11_F2_To_C02_Z10_01","stele_order",1
"P11_F2_To_C02_Z10_01","cortex_cell_diameter",0.0399913333333333
"P11_F2_To_C02_Z10_01","cortex_order",4
"P11_F2_To_C02_Z10_01","endodermis_cell_diameter",0.0255603571428571
"P11_F2_To_C02_Z10_01","endodermis_n_layers",1
"P11_F2_To_C02_Z10_01","endodermis_order",3
"P11_F2_To_C02_Z10_01","exodermis_cell_diameter",0.0410771666666667
"P11_F2_To_C02_Z10_01","exodermis_n_layers",1
"P11_F2_To_C02_Z10_01","exodermis_order",5
"P11_F2_To_C02_Z10_01","epidermis_cell_diameter",0.020522
"P11_F2_To_C02_Z10_01","epidermis_n_layers",1
"P11_F2_To_C02_Z10_01","epidermis_order",6
"P11_F2_To_C02_Z10_01","pericycle_cell_diameter",0.0192826842105263
"P11_F2_To_C02_Z10_01","pericycle_order",2
"P11_F2_To_C02_Z10_01","pericycle_n_layers",1
"P11_F2_To_C02_Z10_01","stele_n_layers",13
"P11_F2_To_C02_Z10_01","stele_layer_diameter",0.7974
"P11_F2_To_C02_Z10_01","cortex_n_layers",3
"P11_F2_To_C02_Z10_01","phloem_n_layers",5
"P11_F2_To_C02_Z10_01","phloem_proportion",0.181339352896915
"P12_B_To_C01_Z20_01","secondarygrowth_param",0
"P12_B_To_C01_Z20_01","randomness_param",2
"P12_B_To_C01_Z20_01","planttype_param",2
"P12_B_To_C01_Z20_01","aerenchyma_proportion",0
"P12_B_To_C01_Z20_01","aerenchyma_n_files",10
"P12_B_To_C01_Z20_01","xylem_n_files",2
"P12_B_To_C01_Z20_01","xylem_n_cells",3
"P12_B_To_C01_Z20_01","xylem_max_size",0.0190291369558142
"P12_B_To_C01_Z20_01","xylem_cell_diameter",0.016098640056791
"P12_B_To_C01_Z20_01","xylem_order",1.5
"P12_B_To_C01_Z20_01","stele_cell_diameter",0.00726476777751085
"P12_B_To_C01_Z20_01","stele_SD",0.000834967626066567
"P12_B_To_C01_Z20_01","phloem_cell_diameter",0.00520916666666667
"P12_B_To_C01_Z20_01","phloem_order",1.5
"P12_B_To_C01_Z20_01","stele_order",1
"P12_B_To_C01_Z20_01","cortex_cell_diameter",0.0182465625
"P12_B_To_C01_Z20_01","cortex_order",4
"P12_B_To_C01_Z20_01","endodermis_cell_diameter",0.0166604285714286
"P12_B_To_C01_Z20_01","endodermis_n_layers",1
"P12_B_To_C01_Z20_01","endodermis_order",3
"P12_B_To_C01_Z20_01","exodermis_cell_diameter",0.023147
"P12_B_To_C01_Z20_01","exodermis_n_layers",1
"P12_B_To_C01_Z20_01","exodermis_order",5
"P12_B_To_C01_Z20_01","epidermis_cell_diameter",0.014674
"P12_B_To_C01_Z20_01","epidermis_n_layers",1
"P12_B_To_C01_Z20_01","epidermis_order",6
"P12_B_To_C01_Z20_01","pericycle_cell_diameter",0.0144023888888889
"P12_B_To_C01_Z20_01","pericycle_order",2
"P12_B_To_C01_Z20_01","pericycle_n_layers",1
"P12_B_To_C01_Z20_01","stele_n_layers",7
"P12_B_To_C01_Z20_01","stele_layer_diameter",0.1296
"P12_B_To_C01_Z20_01","cortex_n_layers",4
"P12_B_To_C01_Z20_01","phloem_n_layers",0
"P12_B_To_C01_Z20_01","phloem_proportion",0
"P12_C_To_C01_Z20_07","secondarygrowth_param",0
"P12_C_To_C01_Z20_07","randomness_param",2
"P12_C_To_C01_Z20_07","planttype_param",2
"P12_C_To_C01_Z20_07","aerenchyma_proportion",0
"P12_C_To_C01_Z20_07","aerenchyma_n_files",10
"P12_C_To_C01_Z20_07","xylem_n_files",2
"P12_C_To_C01_Z20_07","xylem_n_cells",3
"P12_C_To_C01_Z20_07","xylem_max_size",0.0251399231934749
"P12_C_To_C01_Z20_07","xylem_cell_diameter",0.0205683745174384
"P12_C_To_C01_Z20_07","xylem_order",1.5
"P12_C_To_C01_Z20_07","stele_cell_diameter",0.00791391822566565
"P12_C_To_C01_Z20_07","stele_SD",0.00111301484692788
"P12_C_To_C01_Z20_07","phloem_cell_diameter",0.006244
"P12_C_To_C01_Z20_07","phloem_order",1.5
"P12_C_To_C01_Z20_07","stele_order",1
"P12_C_To_C01_Z20_07","cortex_cell_diameter",0.0195589473684211
"P12_C_To_C01_Z20_07","cortex_order",4
"P12_C_To_C01_Z20_07","endodermis_cell_diameter",0.0159677857142857
"P12_C_To_C01_Z20_07","endodermis_n_layers",1
"P12_C_To_C01_Z20_07","endodermis_order",3
"P12_C_To_C01_Z20_07","exodermis_cell_diameter",0.0195904
"P12_C_To_C01_Z20_07","exodermis_n_layers",1
"P12_C_To_C01_Z20_07","exodermis_order",5
"P12_C_To_C01_Z20_07","epidermis_cell_diameter",0.014842
"P12_C_To_C01_Z20_07","epidermis_n_layers",1
"P12_C_To_C01_Z20_07","epidermis_order",6
"P12_C_To_C01_Z20_07","pericycle_cell_diameter",0.0133836
"P12_C_To_C01_Z20_07","pericycle_order",2
"P12_C_To_C01_Z20_07","pericycle_n_layers",1
"P12_C_To_C01_Z20_07","stele_n_layers",7
"P12_C_To_C01_Z20_07","stele_layer_diameter",0.1284
"P12_C_To_C01_Z20_07","cortex_n_layers",4
"P12_C_To_C01_Z20_07","phloem_n_layers",0
"P12_C_To_C01_Z20_07","phloem_proportion",0
"P12_D_To_C01_Z20_03","secondarygrowth_param",0
"P12_D_To_C01_Z20_03","randomness_param",2
"P12_D_To_C01_Z20_03","planttype_param",2
"P12_D_To_C01_Z20_03","aerenchyma_proportion",0
"P12_D_To_C01_Z20_03","aerenchyma_n_files",10
"P12_D_To_C01_Z20_03","xylem_n_files",2
"P12_D_To_C01_Z20_03","xylem_n_cells",5
"P12_D_To_C01_Z20_03","xylem_max_size",0.0213145418650069
"P12_D_To_C01_Z20_03","xylem_cell_diameter",0.0172788123776661
"P12_D_To_C01_Z20_03","xylem_order",1.5
"P12_D_To_C01_Z20_03","stele_cell_diameter",0.00798953240107151
"P12_D_To_C01_Z20_03","stele_SD",0.00144421336913481
"P12_D_To_C01_Z20_03","phloem_cell_diameter",0.00812
"P12_D_To_C01_Z20_03","phloem_order",1.5
"P12_D_To_C01_Z20_03","stele_order",1
"P12_D_To_C01_Z20_03","cortex_cell_diameter",0.0176693333333333
"P12_D_To_C01_Z20_03","cortex_order",4
"P12_D_To_C01_Z20_03","endodermis_cell_diameter",0.0141136666666667
"P12_D_To_C01_Z20_03","endodermis_n_layers",1
"P12_D_To_C01_Z20_03","endodermis_order",3
"P12_D_To_C01_Z20_03","exodermis_cell_diameter",0.0231422857142857
"P12_D_To_C01_Z20_03","exodermis_n_layers",1
"P12_D_To_C01_Z20_03","exodermis_order",5
"P12_D_To_C01_Z20_03","epidermis_cell_diameter",0.0135903333333333
"P12_D_To_C01_Z20_03","epidermis_n_layers",1
"P12_D_To_C01_Z20_03","epidermis_order",6
"P12_D_To_C01_Z20_03","pericycle_cell_diameter",0.0116284444444444
"P12_D_To_C01_Z20_03","pericycle_order",2
"P12_D_To_C01_Z20_03","pericycle_n_layers",1
"P12_D_To_C01_Z20_03","stele_n_layers",6
"P12_D_To_C01_Z20_03","stele_layer_diameter",0.0947
"P12_D_To_C01_Z20_03","cortex_n_layers",4
"P12_D_To_C01_Z20_03","phloem_n_layers",0
"P12_D_To_C01_Z20_03","phloem_proportion",0
"P12_D2_To_C03_Z20_06","secondarygrowth_param",1
"P12_D2_To_C03_Z20_06","randomness_param",2
"P12_D2_To_C03_Z20_06","planttype_param",2
"P12_D2_To_C03_Z20_06","aerenchyma_proportion",0
"P12_D2_To_C03_Z20_06","aerenchyma_n_files",10
"P12_D2_To_C03_Z20_06","xylem_n_files",2
"P12_D2_To_C03_Z20_06","xylem_n_cells",6
"P12_D2_To_C03_Z20_06","xylem_max_size",0.0733212933746448
"P12_D2_To_C03_Z20_06","xylem_cell_diameter",0.0431232899196462
"P12_D2_To_C03_Z20_06","xylem_order",1.5
"P12_D2_To_C03_Z20_06","stele_cell_diameter",0.0112756337983257
"P12_D2_To_C03_Z20_06","stele_SD",0.00163394062693559
"P12_D2_To_C03_Z20_06","phloem_cell_diameter",0.00730766666666667
"P12_D2_To_C03_Z20_06","phloem_order",1.5
"P12_D2_To_C03_Z20_06","stele_order",1
"P12_D2_To_C03_Z20_06","cortex_cell_diameter",0.020397375
"P12_D2_To_C03_Z20_06","cortex_order",4
"P12_D2_To_C03_Z20_06","endodermis_cell_diameter",0.01754275
"P12_D2_To_C03_Z20_06","endodermis_n_layers",1
"P12_D2_To_C03_Z20_06","endodermis_order",3
"P12_D2_To_C03_Z20_06","exodermis_cell_diameter",0.0257274
"P12_D2_To_C03_Z20_06","exodermis_n_layers",1
"P12_D2_To_C03_Z20_06","exodermis_order",5
"P12_D2_To_C03_Z20_06","epidermis_cell_diameter",0.0168635
"P12_D2_To_C03_Z20_06","epidermis_n_layers",1
"P12_D2_To_C03_Z20_06","epidermis_order",6
"P12_D2_To_C03_Z20_06","pericycle_cell_diameter",0.0125332307692308
"P12_D2_To_C03_Z20_06","pericycle_order",2
"P12_D2_To_C03_Z20_06","pericycle_n_layers",1
"P12_D2_To_C03_Z20_06","stele_n_layers",6
"P12_D2_To_C03_Z20_06","stele_layer_diameter",0.2092
"P12_D2_To_C03_Z20_06","cortex_n_layers",2
"P12_D2_To_C03_Z20_06","phloem_n_layers",3
"P12_D2_To_C03_Z20_06","phloem_proportion",0.189292543021033
"P12_E_To_C01_Z20_02","secondarygrowth_param",1
"P12_E_To_C01_Z20_02","randomness_param",2
"P12_E_To_C01_Z20_02","planttype_param",2
"P12_E_To_C01_Z20_02","aerenchyma_proportion",0
"P12_E_To_C01_Z20_02","aerenchyma_n_files",10
"P12_E_To_C01_Z20_02","xylem_n_files",2
"P12_E_To_C01_Z20_02","xylem_n_cells",9
"P12_E_To_C01_Z20_02","xylem_max_size",0.0690406426064456
"P12_E_To_C01_Z20_02","xylem_cell_diameter",0.0499225317242145
"P12_E_To_C01_Z20_02","xylem_order",1.5
"P12_E_To_C01_Z20_02","stele_cell_diameter",0.0125625403560368
"P12_E_To_C01_Z20_02","stele_SD",0.00178225641901776
"P12_E_To_C01_Z20_02","phloem_cell_diameter",0.0075285
"P12_E_To_C01_Z20_02","phloem_order",1.5
"P12_E_To_C01_Z20_02","stele_order",1
"P12_E_To_C01_Z20_02","cortex_cell_diameter",0.0278423333333333
"P12_E_To_C01_Z20_02","cortex_order",4
"P12_E_To_C01_Z20_02","endodermis_cell_diameter",0.0213687272727273
"P12_E_To_C01_Z20_02","endodermis_n_layers",1
"P12_E_To_C01_Z20_02","endodermis_order",3
"P12_E_To_C01_Z20_02","exodermis_cell_diameter",0.03150125
"P12_E_To_C01_Z20_02","exodermis_n_layers",1
"P12_E_To_C01_Z20_02","exodermis_order",5
"P12_E_To_C01_Z20_02","epidermis_cell_diameter",0.024821
"P12_E_To_C01_Z20_02","epidermis_n_layers",1
"P12_E_To_C01_Z20_02","epidermis_order",6
"P12_E_To_C01_Z20_02","pericycle_cell_diameter",0.0171136
"P12_E_To_C01_Z20_02","pericycle_order",2
"P12_E_To_C01_Z20_02","pericycle_n_layers",1
"P12_E_To_C01_Z20_02","stele_n_layers",8
"P12_E_To_C01_Z20_02","stele_layer_diameter",0.2692
"P12_E_To_C01_Z20_02","cortex_n_layers",2
"P12_E_To_C01_Z20_02","phloem_n_layers",3
"P12_E_To_C01_Z20_02","phloem_proportion",0.184992570579495
"P12_F_To_C01_Z10_01","secondarygrowth_param",1
"P12_F_To_C01_Z10_01","randomness_param",2
"P12_F_To_C01_Z10_01","planttype_param",2
"P12_F_To_C01_Z10_01","aerenchyma_proportion",0
"P12_F_To_C01_Z10_01","aerenchyma_n_files",10
"P12_F_To_C01_Z10_01","xylem_n_files",2
"P12_F_To_C01_Z10_01","xylem_n_cells",53
"P12_F_To_C01_Z10_01","xylem_max_size",0.0777419017328012
"P12_F_To_C01_Z10_01","xylem_cell_diameter",0.0520229932462736
"P12_F_To_C01_Z10_01","xylem_order",1.5
"P12_F_To_C01_Z10_01","stele_cell_diameter",0.0281191589149448
"P12_F_To_C01_Z10_01","stele_SD",0.00741966910219235
"P12_F_To_C01_Z10_01","phloem_cell_diameter",0.0147631666666667
"P12_F_To_C01_Z10_01","phloem_order",1.5
"P12_F_To_C01_Z10_01","stele_order",1
"P12_F_To_C01_Z10_01","cortex_cell_diameter",0.042520625
"P12_F_To_C01_Z10_01","cortex_order",4
"P12_F_To_C01_Z10_01","endodermis_cell_diameter",0.038998
"P12_F_To_C01_Z10_01","endodermis_n_layers",1
"P12_F_To_C01_Z10_01","endodermis_order",3
"P12_F_To_C01_Z10_01","exodermis_cell_diameter",0.05062125
"P12_F_To_C01_Z10_01","exodermis_n_layers",1
"P12_F_To_C01_Z10_01","exodermis_order",5
"P12_F_To_C01_Z10_01","epidermis_cell_diameter",0.031031
"P12_F_To_C01_Z10_01","epidermis_n_layers",1
"P12_F_To_C01_Z10_01","epidermis_order",6
"P12_F_To_C01_Z10_01","pericycle_cell_diameter",0.0231002222222222
"P12_F_To_C01_Z10_01","pericycle_order",2
"P12_F_To_C01_Z10_01","pericycle_n_layers",1
"P12_F_To_C01_Z10_01","stele_n_layers",15
"P12_F_To_C01_Z10_01","stele_layer_diameter",1.17488
"P12_F_To_C01_Z10_01","cortex_n_layers",2
"P12_F_To_C01_Z10_01","phloem_n_layers",4
"P12_F_To_C01_Z10_01","phloem_proportion",0.109457987198693
"P13_B_To_C01_Z20_01","secondarygrowth_param",0
"P13_B_To_C01_Z20_01","randomness_param",2
"P13_B_To_C01_Z20_01","planttype_param",2
"P13_B_To_C01_Z20_01","aerenchyma_proportion",0
"P13_B_To_C01_Z20_01","aerenchyma_n_files",10
"P13_B_To_C01_Z20_01","xylem_n_files",2
"P13_B_To_C01_Z20_01","xylem_n_cells",6
"P13_B_To_C01_Z20_01","xylem_max_size",0.0178719017508564
"P13_B_To_C01_Z20_01","xylem_cell_diameter",0.015534104108169
"P13_B_To_C01_Z20_01","xylem_order",1.5
"P13_B_To_C01_Z20_01","stele_cell_diameter",0.00911119106027667
"P13_B_To_C01_Z20_01","stele_SD",0.00123734004580943
"P13_B_To_C01_Z20_01","phloem_cell_diameter",0.0056222
"P13_B_To_C01_Z20_01","phloem_order",1.5
"P13_B_To_C01_Z20_01","stele_order",1
"P13_B_To_C01_Z20_01","cortex_cell_diameter",0.0220554166666667
"P13_B_To_C01_Z20_01","cortex_order",4
"P13_B_To_C01_Z20_01","endodermis_cell_diameter",0.015926375
"P13_B_To_C01_Z20_01","endodermis_n_layers",1
"P13_B_To_C01_Z20_01","endodermis_order",3
"P13_B_To_C01_Z20_01","exodermis_cell_diameter",0.0268950909090909
"P13_B_To_C01_Z20_01","exodermis_n_layers",1
"P13_B_To_C01_Z20_01","exodermis_order",5
"P13_B_To_C01_Z20_01","epidermis_cell_diameter",0.0181425
"P13_B_To_C01_Z20_01","epidermis_n_layers",1
"P13_B_To_C01_Z20_01","epidermis_order",6
"P13_B_To_C01_Z20_01","pericycle_cell_diameter",0.0169658
"P13_B_To_C01_Z20_01","pericycle_order",2
"P13_B_To_C01_Z20_01","pericycle_n_layers",1
"P13_B_To_C01_Z20_01","stele_n_layers",6
"P13_B_To_C01_Z20_01","stele_layer_diameter",0.16164
"P13_B_To_C01_Z20_01","cortex_n_layers",4
"P13_B_To_C01_Z20_01","phloem_n_layers",0
"P13_B_To_C01_Z20_01","phloem_proportion",0
"P13_D2_To_C01_Z20_01","secondarygrowth_param",1
"P13_D2_To_C01_Z20_01","randomness_param",2
"P13_D2_To_C01_Z20_01","planttype_param",2
"P13_D2_To_C01_Z20_01","aerenchyma_proportion",0
"P13_D2_To_C01_Z20_01","aerenchyma_n_files",10
"P13_D2_To_C01_Z20_01","xylem_n_files",2
"P13_D2_To_C01_Z20_01","xylem_n_cells",9
"P13_D2_To_C01_Z20_01","xylem_max_size",0.0704854038983427
"P13_D2_To_C01_Z20_01","xylem_cell_diameter",0.0401544383912354
"P13_D2_To_C01_Z20_01","xylem_order",1.5
"P13_D2_To_C01_Z20_01","stele_cell_diameter",0.0109533889292745
"P13_D2_To_C01_Z20_01","stele_SD",0.0013804581130886
"P13_D2_To_C01_Z20_01","phloem_cell_diameter",0.00628628571428571
"P13_D2_To_C01_Z20_01","phloem_order",1.5
"P13_D2_To_C01_Z20_01","stele_order",1
"P13_D2_To_C01_Z20_01","cortex_cell_diameter",0.021826
"P13_D2_To_C01_Z20_01","cortex_order",4
"P13_D2_To_C01_Z20_01","endodermis_cell_diameter",0.0164042857142857
"P13_D2_To_C01_Z20_01","endodermis_n_layers",1
"P13_D2_To_C01_Z20_01","endodermis_order",3
"P13_D2_To_C01_Z20_01","exodermis_cell_diameter",0.0316132
"P13_D2_To_C01_Z20_01","exodermis_n_layers",1
"P13_D2_To_C01_Z20_01","exodermis_order",5
"P13_D2_To_C01_Z20_01","epidermis_cell_diameter",0.018891
"P13_D2_To_C01_Z20_01","epidermis_n_layers",1
"P13_D2_To_C01_Z20_01","epidermis_order",6
"P13_D2_To_C01_Z20_01","pericycle_cell_diameter",0.0112451818181818
"P13_D2_To_C01_Z20_01","pericycle_order",2
"P13_D2_To_C01_Z20_01","pericycle_n_layers",1
"P13_D2_To_C01_Z20_01","stele_n_layers",7
"P13_D2_To_C01_Z20_01","stele_layer_diameter",0.21036
"P13_D2_To_C01_Z20_01","cortex_n_layers",3
"P13_D2_To_C01_Z20_01","phloem_n_layers",3
"P13_D2_To_C01_Z20_01","phloem_proportion",0.2177220003803
"P13_E_To_C01_Z20_01","secondarygrowth_param",1
"P13_E_To_C01_Z20_01","randomness_param",2
"P13_E_To_C01_Z20_01","planttype_param",2
"P13_E_To_C01_Z20_01","aerenchyma_proportion",0
"P13_E_To_C01_Z20_01","aerenchyma_n_files",10
"P13_E_To_C01_Z20_01","xylem_n_files",2
"P13_E_To_C01_Z20_01","xylem_n_cells",14
"P13_E_To_C01_Z20_01","xylem_max_size",0.0873220552598408
"P13_E_To_C01_Z20_01","xylem_cell_diameter",0.0381880313596229
"P13_E_To_C01_Z20_01","xylem_order",1.5
"P13_E_To_C01_Z20_01","stele_cell_diameter",0.0109053762723563
"P13_E_To_C01_Z20_01","stele_SD",0.00115860504318435
"P13_E_To_C01_Z20_01","phloem_cell_diameter",0.0062164
"P13_E_To_C01_Z20_01","phloem_order",1.5
"P13_E_To_C01_Z20_01","stele_order",1
"P13_E_To_C01_Z20_01","cortex_cell_diameter",0.0235433
"P13_E_To_C01_Z20_01","cortex_order",4
"P13_E_To_C01_Z20_01","endodermis_cell_diameter",0.017127
"P13_E_To_C01_Z20_01","endodermis_n_layers",1
"P13_E_To_C01_Z20_01","endodermis_order",3
"P13_E_To_C01_Z20_01","exodermis_cell_diameter",0.0289903333333333
"P13_E_To_C01_Z20_01","exodermis_n_layers",1
"P13_E_To_C01_Z20_01","exodermis_order",5
"P13_E_To_C01_Z20_01","epidermis_cell_diameter",0.01734575
"P13_E_To_C01_Z20_01","epidermis_n_layers",1
"P13_E_To_C01_Z20_01","epidermis_order",6
"P13_E_To_C01_Z20_01","pericycle_cell_diameter",0.0128475
"P13_E_To_C01_Z20_01","pericycle_order",2
"P13_E_To_C01_Z20_01","pericycle_n_layers",1
"P13_E_To_C01_Z20_01","stele_n_layers",8
"P13_E_To_C01_Z20_01","stele_layer_diameter",0.2732
"P13_E_To_C01_Z20_01","cortex_n_layers",2
"P13_E_To_C01_Z20_01","phloem_n_layers",3
"P13_E_To_C01_Z20_01","phloem_proportion",0.157174231332357
"P13_F_To_C01_Z10_01","secondarygrowth_param",1
"P13_F_To_C01_Z10_01","randomness_param",2
"P13_F_To_C01_Z10_01","planttype_param",2
"P13_F_To_C01_Z10_01","aerenchyma_proportion",0
"P13_F_To_C01_Z10_01","aerenchyma_n_files",10
"P13_F_To_C01_Z10_01","xylem_n_files",2
"P13_F_To_C01_Z10_01","xylem_n_cells",12
"P13_F_To_C01_Z10_01","xylem_max_size",0.0917109005999144
"P13_F_To_C01_Z10_01","xylem_cell_diameter",0.0485796259137068
"P13_F_To_C01_Z10_01","xylem_order",1.5
"P13_F_To_C01_Z10_01","stele_cell_diameter",0.0134142570187328
"P13_F_To_C01_Z10_01","stele_SD",0.00213309335874401
"P13_F_To_C01_Z10_01","phloem_cell_diameter",0.00706391666666667
"P13_F_To_C01_Z10_01","phloem_order",1.5
"P13_F_To_C01_Z10_01","stele_order",1
"P13_F_To_C01_Z10_01","cortex_cell_diameter",0.0294048333333333
"P13_F_To_C01_Z10_01","cortex_order",4
"P13_F_To_C01_Z10_01","endodermis_cell_diameter",0.0263694444444444
"P13_F_To_C01_Z10_01","endodermis_n_layers",1
"P13_F_To_C01_Z10_01","endodermis_order",3
"P13_F_To_C01_Z10_01","exodermis_cell_diameter",0.04484675
"P13_F_To_C01_Z10_01","exodermis_n_layers",1
"P13_F_To_C01_Z10_01","exodermis_order",5
"P13_F_To_C01_Z10_01","epidermis_cell_diameter",0.020172
"P13_F_To_C01_Z10_01","epidermis_n_layers",1
"P13_F_To_C01_Z10_01","epidermis_order",6
"P13_F_To_C01_Z10_01","pericycle_cell_diameter",0.0160835454545455
"P13_F_To_C01_Z10_01","pericycle_order",2
"P13_F_To_C01_Z10_01","pericycle_n_layers",1
"P13_F_To_C01_Z10_01","stele_n_layers",9
"P13_F_To_C01_Z10_01","stele_layer_diameter",0.3054
"P13_F_To_C01_Z10_01","cortex_n_layers",2
"P13_F_To_C01_Z10_01","phloem_n_layers",4
"P13_F_To_C01_Z10_01","phloem_proportion",0.185396201702685
"P13_F2_To_C01_Z10_01","secondarygrowth_param",1
"P13_F2_To_C01_Z10_01","randomness_param",2
"P13_F2_To_C01_Z10_01","planttype_param",2
"P13_F2_To_C01_Z10_01","aerenchyma_proportion",0
"P13_F2_To_C01_Z10_01","aerenchyma_n_files",10
"P13_F2_To_C01_Z10_01","xylem_n_files",2
"P13_F2_To_C01_Z10_01","xylem_n_cells",18
"P13_F2_To_C01_Z10_01","xylem_max_size",0.0947980141661794
"P13_F2_To_C01_Z10_01","xylem_cell_diameter",0.0570103193848272
"P13_F2_To_C01_Z10_01","xylem_order",1.5
"P13_F2_To_C01_Z10_01","stele_cell_diameter",0.0149592877432647
"P13_F2_To_C01_Z10_01","stele_SD",0.0028540293012588
"P13_F2_To_C01_Z10_01","phloem_cell_diameter",0.0104227272727273
"P13_F2_To_C01_Z10_01","phloem_order",1.5
"P13_F2_To_C01_Z10_01","stele_order",1
"P13_F2_To_C01_Z10_01","cortex_cell_diameter",0.036432
"P13_F2_To_C01_Z10_01","cortex_order",4
"P13_F2_To_C01_Z10_01","endodermis_cell_diameter",0.023599
"P13_F2_To_C01_Z10_01","endodermis_n_layers",1
"P13_F2_To_C01_Z10_01","endodermis_order",3
"P13_F2_To_C01_Z10_01","exodermis_cell_diameter",0.047664
"P13_F2_To_C01_Z10_01","exodermis_n_layers",1
"P13_F2_To_C01_Z10_01","exodermis_order",5
"P13_F2_To_C01_Z10_01","epidermis_cell_diameter",0.026452
"P13_F2_To_C01_Z10_01","epidermis_n_layers",1
"P13_F2_To_C01_Z10_01","epidermis_order",6
"P13_F2_To_C01_Z10_01","pericycle_cell_diameter",0.0153905
"P13_F2_To_C01_Z10_01","pericycle_order",2
"P13_F2_To_C01_Z10_01","pericycle_n_layers",1
"P13_F2_To_C01_Z10_01","stele_n_layers",13
"P13_F2_To_C01_Z10_01","stele_layer_diameter",0.5194
"P13_F2_To_C01_Z10_01","cortex_n_layers",2
"P13_F2_To_C01_Z10_01","phloem_n_layers",6
"P13_F2_To_C01_Z10_01","phloem_proportion",0.239314593762033
"P14_B_To_C02_Z20_01","secondarygrowth_param",0
"P14_B_To_C02_Z20_01","randomness_param",2
"P14_B_To_C02_Z20_01","planttype_param",2
"P14_B_To_C02_Z20_01","aerenchyma_proportion",0
"P14_B_To_C02_Z20_01","aerenchyma_n_files",10
"P14_B_To_C02_Z20_01","xylem_n_files",2
"P14_B_To_C02_Z20_01","xylem_n_cells",8
"P14_B_To_C02_Z20_01","xylem_max_size",0.0181707939281768
"P14_B_To_C02_Z20_01","xylem_cell_diameter",0.0146810325554173
"P14_B_To_C02_Z20_01","xylem_order",1.5
"P14_B_To_C02_Z20_01","stele_cell_diameter",0.00727909576698297
"P14_B_To_C02_Z20_01","stele_SD",0.00108214588980007
"P14_B_To_C02_Z20_01","phloem_cell_diameter",0.00718
"P14_B_To_C02_Z20_01","phloem_order",1.5
"P14_B_To_C02_Z20_01","stele_order",1
"P14_B_To_C02_Z20_01","cortex_cell_diameter",0.0237881875
"P14_B_To_C02_Z20_01","cortex_order",4
"P14_B_To_C02_Z20_01","endodermis_cell_diameter",0.0168731428571429
"P14_B_To_C02_Z20_01","endodermis_n_layers",1
"P14_B_To_C02_Z20_01","endodermis_order",3
"P14_B_To_C02_Z20_01","exodermis_cell_diameter",0.0268179411764706
"P14_B_To_C02_Z20_01","exodermis_n_layers",1
"P14_B_To_C02_Z20_01","exodermis_order",5
"P14_B_To_C02_Z20_01","epidermis_cell_diameter",0.01722
"P14_B_To_C02_Z20_01","epidermis_n_layers",1
"P14_B_To_C02_Z20_01","epidermis_order",6
"P14_B_To_C02_Z20_01","pericycle_cell_diameter",0.0140665555555556
"P14_B_To_C02_Z20_01","pericycle_order",2
"P14_B_To_C02_Z20_01","pericycle_n_layers",1
"P14_B_To_C02_Z20_01","stele_n_layers",6
"P14_B_To_C02_Z20_01","stele_layer_diameter",0.13852
"P14_B_To_C02_Z20_01","cortex_n_layers",4
"P14_B_To_C02_Z20_01","phloem_n_layers",0
"P14_B_To_C02_Z20_01","phloem_proportion",0
"P14_C_To_C01_Z20_03","secondarygrowth_param",0
"P14_C_To_C01_Z20_03","randomness_param",2
"P14_C_To_C01_Z20_03","planttype_param",2
"P14_C_To_C01_Z20_03","aerenchyma_proportion",0
"P14_C_To_C01_Z20_03","aerenchyma_n_files",10
"P14_C_To_C01_Z20_03","xylem_n_files",2
"P14_C_To_C01_Z20_03","xylem_n_cells",7
"P14_C_To_C01_Z20_03","xylem_max_size",0.0184937180282051
"P14_C_To_C01_Z20_03","xylem_cell_diameter",0.0151031288899544
"P14_C_To_C01_Z20_03","xylem_order",1.5
"P14_C_To_C01_Z20_03","stele_cell_diameter",0.00764814360878953
"P14_C_To_C01_Z20_03","stele_SD",0.00135684911207482
"P14_C_To_C01_Z20_03","phloem_cell_diameter",0.00776
"P14_C_To_C01_Z20_03","phloem_order",1.5
"P14_C_To_C01_Z20_03","stele_order",1
"P14_C_To_C01_Z20_03","cortex_cell_diameter",0.0228869166666667
"P14_C_To_C01_Z20_03","cortex_order",4
"P14_C_To_C01_Z20_03","endodermis_cell_diameter",0.0168108666666667
"P14_C_To_C01_Z20_03","endodermis_n_layers",1
"P14_C_To_C01_Z20_03","endodermis_order",3
"P14_C_To_C01_Z20_03","exodermis_cell_diameter",0.0286566666666667
"P14_C_To_C01_Z20_03","exodermis_n_layers",1
"P14_C_To_C01_Z20_03","exodermis_order",5
"P14_C_To_C01_Z20_03","epidermis_cell_diameter",0.016676
"P14_C_To_C01_Z20_03","epidermis_n_layers",1
"P14_C_To_C01_Z20_03","epidermis_order",6
"P14_C_To_C01_Z20_03","pericycle_cell_diameter",0.0147316842105263
"P14_C_To_C01_Z20_03","pericycle_order",2
"P14_C_To_C01_Z20_03","pericycle_n_layers",1
"P14_C_To_C01_Z20_03","stele_n_layers",7
"P14_C_To_C01_Z20_03","stele_layer_diameter",0.1342
"P14_C_To_C01_Z20_03","cortex_n_layers",4
"P14_C_To_C01_Z20_03","phloem_n_layers",0
"P14_C_To_C01_Z20_03","phloem_proportion",0
"P14_D_To_C01_Z20_01","secondarygrowth_param",0
"P14_D_To_C01_Z20_01","randomness_param",2
"P14_D_To_C01_Z20_01","planttype_param",2
"P14_D_To_C01_Z20_01","aerenchyma_proportion",0
"P14_D_To_C01_Z20_01","aerenchyma_n_files",10
"P14_D_To_C01_Z20_01","xylem_n_files",2
"P14_D_To_C01_Z20_01","xylem_n_cells",7
"P14_D_To_C01_Z20_01","xylem_max_size",0.018878090344377
"P14_D_To_C01_Z20_01","xylem_cell_diameter",0.0159192210039967
"P14_D_To_C01_Z20_01","xylem_order",1.5
"P14_D_To_C01_Z20_01","stele_cell_diameter",0.00771818824284183
"P14_D_To_C01_Z20_01","stele_SD",0.00145417375848272
"P14_D_To_C01_Z20_01","phloem_cell_diameter",0.00784
"P14_D_To_C01_Z20_01","phloem_order",1.5
"P14_D_To_C01_Z20_01","stele_order",1
"P14_D_To_C01_Z20_01","cortex_cell_diameter",0.0234721875
"P14_D_To_C01_Z20_01","cortex_order",4
"P14_D_To_C01_Z20_01","endodermis_cell_diameter",0.0155433529411765
"P14_D_To_C01_Z20_01","endodermis_n_layers",1
"P14_D_To_C01_Z20_01","endodermis_order",3
"P14_D_To_C01_Z20_01","exodermis_cell_diameter",0.0257045454545455
"P14_D_To_C01_Z20_01","exodermis_n_layers",1
"P14_D_To_C01_Z20_01","exodermis_order",5
"P14_D_To_C01_Z20_01","epidermis_cell_diameter",0.016676
"P14_D_To_C01_Z20_01","epidermis_n_layers",1
"P14_D_To_C01_Z20_01","epidermis_order",6
"P14_D_To_C01_Z20_01","pericycle_cell_diameter",0.0143778947368421
"P14_D_To_C01_Z20_01","pericycle_order",2
"P14_D_To_C01_Z20_01","pericycle_n_layers",1
"P14_D_To_C01_Z20_01","stele_n_layers",9
"P14_D_To_C01_Z20_01","stele_layer_diameter",0.1474
"P14_D_To_C01_Z20_01","cortex_n_layers",4
"P14_D_To_C01_Z20_01","phloem_n_layers",0
"P14_D_To_C01_Z20_01","phloem_proportion",0
"P14_D2_To_C02_Z20_01","secondarygrowth_param",1
"P14_D2_To_C02_Z20_01","randomness_param",2
"P14_D2_To_C02_Z20_01","planttype_param",2
"P14_D2_To_C02_Z20_01","aerenchyma_proportion",0
"P14_D2_To_C02_Z20_01","aerenchyma_n_files",10
"P14_D2_To_C02_Z20_01","xylem_n_files",2
"P14_D2_To_C02_Z20_01","xylem_n_cells",9
"P14_D2_To_C02_Z20_01","xylem_max_size",0.0676905718385962
"P14_D2_To_C02_Z20_01","xylem_cell_diameter",0.0401649114208087
"P14_D2_To_C02_Z20_01","xylem_order",1.5
"P14_D2_To_C02_Z20_01","stele_cell_diameter",0.00949114486073475
"P14_D2_To_C02_Z20_01","stele_SD",0.00142732316567586
"P14_D2_To_C02_Z20_01","phloem_cell_diameter",0.00561883333333333
"P14_D2_To_C02_Z20_01","phloem_order",1.5
"P14_D2_To_C02_Z20_01","stele_order",1
"P14_D2_To_C02_Z20_01","cortex_cell_diameter",0.0181894285714286
"P14_D2_To_C02_Z20_01","cortex_order",4
"P14_D2_To_C02_Z20_01","endodermis_cell_diameter",0.01264275
"P14_D2_To_C02_Z20_01","endodermis_n_layers",1
"P14_D2_To_C02_Z20_01","endodermis_order",3
"P14_D2_To_C02_Z20_01","exodermis_cell_diameter",0.02461725
"P14_D2_To_C02_Z20_01","exodermis_n_layers",1
"P14_D2_To_C02_Z20_01","exodermis_order",5
"P14_D2_To_C02_Z20_01","epidermis_cell_diameter",0.014197
"P14_D2_To_C02_Z20_01","epidermis_n_layers",1
"P14_D2_To_C02_Z20_01","epidermis_order",6
"P14_D2_To_C02_Z20_01","pericycle_cell_diameter",0.00910455555555555
"P14_D2_To_C02_Z20_01","pericycle_order",2
"P14_D2_To_C02_Z20_01","pericycle_n_layers",1
"P14_D2_To_C02_Z20_01","stele_n_layers",8
"P14_D2_To_C02_Z20_01","stele_layer_diameter",0.18522
"P14_D2_To_C02_Z20_01","cortex_n_layers",2
"P14_D2_To_C02_Z20_01","phloem_n_layers",2
"P14_D2_To_C02_Z20_01","phloem_proportion",0.148137350178166
"P14_E_To_C01_Z20_02","secondarygrowth_param",1
"P14_E_To_C01_Z20_02","randomness_param",2
"P14_E_To_C01_Z20_02","planttype_param",2
"P14_E_To_C01_Z20_02","aerenchyma_proportion",0
"P14_E_To_C01_Z20_02","aerenchyma_n_files",10
"P14_E_To_C01_Z20_02","xylem_n_files",2
"P14_E_To_C01_Z20_02","xylem_n_cells",11
"P14_E_To_C01_Z20_02","xylem_max_size",0.0743420263794102
"P14_E_To_C01_Z20_02","xylem_cell_diameter",0.0479407625671205
"P14_E_To_C01_Z20_02","xylem_order",1.5
"P14_E_To_C01_Z20_02","stele_cell_diameter",0.0117184524993258
"P14_E_To_C01_Z20_02","stele_SD",0.00145005648072143
"P14_E_To_C01_Z20_02","phloem_cell_diameter",0.00691355555555556
"P14_E_To_C01_Z20_02","phloem_order",1.5
"P14_E_To_C01_Z20_02","stele_order",1
"P14_E_To_C01_Z20_02","cortex_cell_diameter",0.02617375
"P14_E_To_C01_Z20_02","cortex_order",4
"P14_E_To_C01_Z20_02","endodermis_cell_diameter",0.0205677857142857
"P14_E_To_C01_Z20_02","endodermis_n_layers",1
"P14_E_To_C01_Z20_02","endodermis_order",3
"P14_E_To_C01_Z20_02","exodermis_cell_diameter",0.029935625
"P14_E_To_C01_Z20_02","exodermis_n_layers",1
"P14_E_To_C01_Z20_02","exodermis_order",5
"P14_E_To_C01_Z20_02","epidermis_cell_diameter",0.017946
"P14_E_To_C01_Z20_02","epidermis_n_layers",1
"P14_E_To_C01_Z20_02","epidermis_order",6
"P14_E_To_C01_Z20_02","pericycle_cell_diameter",0.0124178461538462
"P14_E_To_C01_Z20_02","pericycle_order",2
"P14_E_To_C01_Z20_02","pericycle_n_layers",1
"P14_E_To_C01_Z20_02","stele_n_layers",9
"P14_E_To_C01_Z20_02","stele_layer_diameter",0.2618
"P14_E_To_C01_Z20_02","cortex_n_layers",2
"P14_E_To_C01_Z20_02","phloem_n_layers",3
"P14_E_To_C01_Z20_02","phloem_proportion",0.146447669977082
"P14_F_To_C02_Z10_04","secondarygrowth_param",1
"P14_F_To_C02_Z10_04","randomness_param",2
"P14_F_To_C02_Z10_04","planttype_param",2
"P14_F_To_C02_Z10_04","aerenchyma_proportion",0
"P14_F_To_C02_Z10_04","aerenchyma_n_files",10
"P14_F_To_C02_Z10_04","xylem_n_files",2
"P14_F_To_C02_Z10_04","xylem_n_cells",23
"P14_F_To_C02_Z10_04","xylem_max_size",0.0822873553874369
"P14_F_To_C02_Z10_04","xylem_cell_diameter",0.0480809701313269
"P14_F_To_C02_Z10_04","xylem_order",1.5
"P14_F_To_C02_Z10_04","stele_cell_diameter",0.0196539315101566
"P14_F_To_C02_Z10_04","stele_SD",0.00351869412837452
"P14_F_To_C02_Z10_04","phloem_cell_diameter",0.0112425789473684
"P14_F_To_C02_Z10_04","phloem_order",1.5
"P14_F_To_C02_Z10_04","stele_order",1
"P14_F_To_C02_Z10_04","cortex_cell_diameter",0.0324285
"P14_F_To_C02_Z10_04","cortex_order",4
"P14_F_To_C02_Z10_04","endodermis_cell_diameter",0.0346248461538462
"P14_F_To_C02_Z10_04","endodermis_n_layers",1
"P14_F_To_C02_Z10_04","endodermis_order",3
"P14_F_To_C02_Z10_04","exodermis_cell_diameter",0.0452503333333333
"P14_F_To_C02_Z10_04","exodermis_n_layers",1
"P14_F_To_C02_Z10_04","exodermis_order",5
"P14_F_To_C02_Z10_04","epidermis_cell_diameter",0.014197
"P14_F_To_C02_Z10_04","epidermis_n_layers",1
"P14_F_To_C02_Z10_04","epidermis_order",6
"P14_F_To_C02_Z10_04","pericycle_cell_diameter",0.02354425
"P14_F_To_C02_Z10_04","pericycle_order",2
"P14_F_To_C02_Z10_04","pericycle_n_layers",1
"P14_F_To_C02_Z10_04","stele_n_layers",13
"P14_F_To_C02_Z10_04","stele_layer_diameter",0.67
"P14_F_To_C02_Z10_04","cortex_n_layers",2
"P14_F_To_C02_Z10_04","phloem_n_layers",5
"P14_F_To_C02_Z10_04","phloem_proportion",0.186865671641791
